RecordID,Gender,Age,StudyTime,StudyTime_hours_week,Failures,Absences,FamilySupport,Internet,FreeTime,GoOut,Health,MotherEducation,FatherEducation,TravelTime,FinalGrade,PassFail,FullName,Phone,ZodiacSign,FavoriteColor,Hobby
REC00001,M,15.0,12.7,12.7,3,4.0,yes,yes,4,2,1.0,1,1,4,7.9,Fail,Person_1,3629813246.0,Leo,Red,Hiking
REC00002,F,19.0,3.5,3.5,0,,no,yes,2,4,5.0,4,1,4,11.1,Pass,Person_2,3315667563.0,Sagittarius,Red,Cinema
REC00003,M,17.0,5.5,5.5,0,4.0,yes,yes,2,3,3.0,0,1,4,11.1,Pass,Person_3,3079742728.0,Aquarius,Green,Reading
REC00004,M,22.0,,15.7,0,3.0,yes,yes,1,5,2.0,4,4,1,13.8,Pass,Person_4,3513025030.0,Libra,Red,Travel
REC00005,M,15.0,,7.0,0,6.0,no,yes,5,1,1.0,2,1,2,10.6,Pass,Person_5,3032393760.0,Taurus,Purple,Gardening
REC00006,F,19.0,,11.2,1,2.0,yes,yes,4,3,4.0,4,4,3,15.9,Pass,Person_6,3474578017.0,Taurus,Green,Photography
REC00007,F,21.0,5.5,5.5,0,1.0,no,yes,1,2,4.0,1,1,2,8.7,Fail,Person_7,3256178308.0,Cancer,Orange,Sports
REC00008,F,21.0,2.6,2.6,0,5.0,yes,no,4,5,5.0,3,1,3,15.2,Pass,Person_8,3414151725.0,Taurus,Purple,Cooking
REC00009,M,20.0,5.7,5.7,0,1.0,yes,yes,4,4,4.0,2,3,1,13.7,Pass,Person_9,3320342153.0,Scorpio,Black,Hiking
REC00010,F,15.0,6.8,6.8,0,1.0,yes,yes,1,3,1.0,1,0,3,11.9,Pass,Person_10,3011985579.0,Aquarius,Orange,Cooking
REC00011,F,18.0,13.3,13.3,0,3.0,yes,yes,4,5,4.0,1,1,3,16.2,Pass,Person_11,3545672791.0,Scorpio,Blue,Music
REC00012,F,21.0,9.9,9.9,0,1.0,yes,yes,2,2,,3,4,1,12.8,Pass,Person_12,3116858184.0,Capricorn,Purple,Gaming
REC00013,M,20.0,11.2,11.2,0,5.0,no,yes,5,5,3.0,0,1,3,12.8,Pass,Person_13,3636524670.0,Scorpio,Yellow,Cooking
REC00014,F,17.0,7.2,7.2,0,0.0,no,yes,1,4,,1,3,3,14.3,Pass,Person_14,3375187110.0,Leo,Blue,Hiking
REC00015,F,16.0,3.7,3.7,0,1.0,yes,,3,2,1.0,0,0,3,11.5,Pass,Person_15,3865422068.0,Capricorn,Orange,Photography
REC00016,F,18.0,13.0,13.0,2,2.0,yes,yes,3,3,3.0,1,0,2,13.9,Pass,Person_16,3682606619.0,Capricorn,Yellow,Gaming
REC00017,M,18.0,6.4,6.4,0,9.0,no,no,2,3,1.0,3,2,2,14.3,Pass,Person_17,3603754153.0,Virgo,Green,Cinema
REC00018,M,19.0,13.2,13.2,0,3.0,yes,yes,1,1,3.0,4,4,1,17.8,Pass,Person_18,3681136113.0,Aquarius,White,Gaming
REC00019,M,17.0,7.2,7.2,0,2.0,no,yes,5,5,4.0,2,3,1,16.5,Pass,Person_19,3174978967.0,Aquarius,Green,Hiking
REC00020,M,17.0,9.2,9.2,1,2.0,yes,no,4,5,1.0,2,0,1,12.6,Pass,Person_20,3816731934.0,Taurus,Red,Cooking
REC00021,M,18.0,9.6,9.6,0,,yes,yes,5,3,,1,3,3,13.6,Pass,Person_21,3027728121.0,Scorpio,Gray,Cinema
REC00022,M,17.0,20.9,20.9,0,,yes,yes,2,5,4.0,2,2,4,18.3,Pass,Person_22,3579345612.0,Aries,Orange,Travel
REC00023,M,21.0,,4.5,1,,yes,yes,3,4,5.0,2,2,4,9.9,Fail,Person_23,3745324128.0,Pisces,Black,Cinema
REC00024,M,18.0,2.6,2.6,0,6.0,no,yes,4,4,2.0,2,3,4,11.6,Pass,Person_24,3254517364.0,Cancer,White,Reading
REC00025,M,15.0,0.0,0.0,0,6.0,yes,yes,1,1,5.0,0,0,1,9.9,Fail,Person_25,3903520230.0,Pisces,White,Cooking
REC00026,M,20.0,11.8,11.8,0,12.0,yes,yes,4,1,5.0,4,1,2,12.9,Pass,Person_26,3394367275.0,Pisces,Yellow,Sports
REC00027,M,20.0,9.3,9.3,0,4.0,yes,yes,4,5,,4,1,1,15.7,Pass,Person_27,3773690488.0,Aquarius,Green,Photography
REC00028,F,17.0,10.0,10.0,0,,yes,yes,1,4,1.0,0,2,2,13.3,Pass,Person_28,3854640322.0,Taurus,Yellow,Reading
REC00029,F,20.0,8.2,8.2,0,2.0,yes,yes,2,1,5.0,1,1,3,14.5,Pass,Person_29,3059001613.0,Virgo,Blue,Reading
REC00030,M,17.0,7.1,7.1,2,1.0,no,yes,5,5,3.0,3,4,2,7.9,Fail,Person_30,3283915198.0,Cancer,Black,Cooking
REC00031,M,19.0,4.7,4.7,0,3.0,yes,no,4,4,1.0,3,3,1,7.6,Fail,Person_31,3089080355.0,Virgo,Pink,Reading
REC00032,M,21.0,5.9,5.9,0,4.0,yes,yes,3,1,4.0,1,3,3,10.9,Pass,Person_32,3010223578.0,Sagittarius,Purple,Music
REC00033,F,17.0,1.9,1.9,0,9.0,no,yes,5,1,,3,3,1,11.4,Pass,Person_33,3684594191.0,Libra,Pink,Music
REC00034,F,18.0,9.4,9.4,0,7.0,yes,yes,5,4,5.0,2,3,2,12.7,Pass,Person_34,3875151722.0,Taurus,Blue,Reading
REC00035,M,22.0,12.4,12.4,0,3.0,yes,yes,3,3,3.0,4,2,2,15.6,Pass,Person_35,3822209502.0,Scorpio,Gray,Music
REC00036,F,20.0,9.8,9.8,0,1.0,no,no,2,4,4.0,3,4,2,14.6,Pass,Person_36,3053718876.0,Capricorn,Gray,Cooking
REC00037,F,19.0,10.2,10.2,1,5.0,yes,yes,1,2,1.0,0,1,1,12.5,Pass,Person_37,3517948361.0,Libra,Black,Music
REC00038,F,16.0,3.6,3.6,1,,no,yes,4,2,5.0,3,2,2,5.2,Fail,Person_38,3424833629.0,Capricorn,Blue,Photography
REC00039,F,20.0,4.7,4.7,0,2.0,yes,yes,5,1,4.0,4,3,3,14.2,Pass,Person_39,3311518734.0,Aries,Pink,Gaming
REC00040,M,20.0,5.6,5.6,2,,yes,yes,2,2,1.0,0,0,1,7.3,Fail,Person_40,3608928792.0,Aries,White,Photography
REC00041,M,20.0,6.7,6.7,0,,yes,no,5,5,2.0,2,3,3,13.2,Pass,Person_41,3208789653.0,Capricorn,White,Photography
REC00042,M,20.0,0.0,0.0,0,2.0,yes,yes,5,4,3.0,2,2,4,14.5,Pass,Person_42,3319630176.0,Cancer,Yellow,Travel
REC00043,F,19.0,14.6,14.6,0,5.0,yes,yes,5,2,1.0,1,2,1,13.6,Pass,Person_43,3349842009.0,Aquarius,Blue,Travel
REC00044,F,17.0,8.6,8.6,0,0.0,yes,,3,3,4.0,0,4,3,13.3,Pass,Person_44,3184488835.0,Cancer,Black,Hiking
REC00045,F,15.0,,9.0,2,9.0,no,yes,2,3,1.0,0,0,2,7.0,Fail,Person_45,3435691734.0,Aquarius,Black,Reading
REC00046,M,22.0,,8.4,1,9.0,yes,,4,1,2.0,3,2,1,10.6,Pass,Person_46,3007553599.0,Cancer,Red,Photography
REC00047,F,17.0,13.5,13.5,1,2.0,yes,yes,1,4,,2,4,1,12.0,Pass,Person_47,3571399198.0,Pisces,Orange,Gardening
REC00048,M,21.0,8.1,8.1,0,,no,yes,2,4,1.0,4,3,1,17.2,Pass,Person_48,3343060234.0,Virgo,Orange,Cooking
REC00049,F,18.0,6.9,6.9,1,1.0,yes,,4,2,3.0,1,1,1,10.6,Pass,Person_49,3858439580.0,Aries,Orange,Cinema
REC00050,F,15.0,14.8,14.8,0,4.0,yes,yes,4,1,2.0,1,2,1,18.3,Pass,Person_50,3471590914.0,Taurus,Yellow,Gardening
REC00051,M,20.0,1.7,1.7,0,3.0,yes,,2,2,5.0,2,2,3,12.0,Pass,Person_51,3030063348.0,Libra,Orange,Travel
REC00052,F,21.0,9.5,9.5,0,1.0,yes,yes,5,2,,3,1,1,16.8,Pass,Person_52,3936618583.0,Pisces,Black,Reading
REC00053,F,15.0,8.8,8.8,0,5.0,no,yes,3,3,3.0,4,3,3,11.4,Pass,Person_53,3332716723.0,Libra,Gray,Gardening
REC00054,F,17.0,4.3,4.3,1,4.0,no,yes,1,2,2.0,1,2,4,8.8,Fail,Person_54,3897581577.0,Leo,Orange,Hiking
REC00055,M,18.0,6.6,6.6,1,2.0,no,,3,1,5.0,0,1,4,14.9,Pass,Person_55,3605944281.0,Aquarius,Orange,Gaming
REC00056,M,18.0,,5.5,1,13.0,no,yes,4,2,4.0,4,4,1,10.7,Pass,Person_56,3347767547.0,Libra,Orange,Hiking
REC00057,M,22.0,10.5,10.5,0,4.0,no,yes,1,4,2.0,3,0,2,12.7,Pass,Person_57,3047905735.0,Aquarius,Pink,Sports
REC00058,M,21.0,6.7,6.7,0,6.0,yes,,1,1,5.0,3,4,3,13.3,Pass,Person_58,3067760241.0,Taurus,Black,Reading
REC00059,M,16.0,5.9,5.9,0,0.0,no,yes,2,3,5.0,0,4,1,15.4,Pass,Person_59,3952613871.0,Cancer,White,Sports
REC00060,F,17.0,0.0,0.0,0,0.0,no,yes,1,4,1.0,2,4,2,7.6,Fail,Person_60,3385488395.0,Aries,Yellow,Hiking
REC00061,M,21.0,9.0,9.0,3,2.0,no,yes,1,2,3.0,3,3,2,4.9,Fail,Person_61,3802035557.0,Gemini,Pink,Travel
REC00062,M,21.0,4.8,4.8,0,12.0,yes,no,1,1,1.0,3,3,2,9.2,Fail,Person_62,3401971028.0,Virgo,Red,Gaming
REC00063,F,20.0,,14.5,0,3.0,yes,yes,4,4,5.0,2,0,3,16.6,Pass,Person_63,3033681987.0,Taurus,Black,Travel
REC00064,M,16.0,12.2,12.2,0,4.0,no,yes,3,1,1.0,0,4,2,15.5,Pass,Person_64,3890273886.0,Libra,Red,Travel
REC00065,M,19.0,12.0,12.0,3,0.0,no,yes,4,5,1.0,2,3,4,8.6,Fail,Person_65,3235978867.0,Leo,Gray,Music
REC00066,F,19.0,0.0,0.0,0,4.0,no,,2,2,4.0,1,1,3,9.3,Fail,Person_66,3308340034.0,Leo,Purple,Hiking
REC00067,M,19.0,10.4,10.4,0,1.0,yes,yes,1,2,2.0,2,3,1,15.7,Pass,Person_67,3717998359.0,Aries,Blue,Cooking
REC00068,M,19.0,6.8,6.8,3,0.0,yes,no,4,3,1.0,4,4,1,7.9,Fail,Person_68,3227326657.0,Aries,White,Sports
REC00069,M,16.0,9.3,9.3,0,10.0,yes,yes,1,4,3.0,4,0,4,13.8,Pass,Person_69,3186633924.0,Taurus,White,Hiking
REC00070,M,21.0,10.9,10.9,0,1.0,yes,yes,4,2,4.0,0,0,1,11.2,Pass,Person_70,3010903776.0,Aquarius,Black,Hiking
REC00071,F,22.0,5.2,5.2,0,1.0,yes,yes,3,3,1.0,1,0,2,12.8,Pass,Person_71,3173988258.0,Libra,Purple,Hiking
REC00072,M,15.0,10.7,10.7,0,,no,yes,3,4,3.0,3,1,1,11.5,Pass,Person_72,3010762550.0,Leo,Purple,Reading
REC00073,M,15.0,8.5,8.5,0,4.0,yes,yes,4,4,4.0,3,0,2,12.4,Pass,Person_73,3420880451.0,Scorpio,Pink,Gardening
REC00074,F,21.0,14.3,14.3,0,9.0,no,yes,2,2,4.0,0,1,4,15.9,Pass,Person_74,3120851518.0,Capricorn,White,Reading
REC00075,M,20.0,8.2,8.2,1,3.0,yes,no,2,5,2.0,4,4,1,12.9,Pass,Person_75,3239763089.0,Pisces,Red,Sports
REC00076,M,16.0,,11.5,0,0.0,yes,yes,5,1,5.0,0,4,3,15.5,Pass,Person_76,3366646545.0,Sagittarius,Blue,Sports
REC00077,F,21.0,,7.5,0,5.0,yes,,1,3,3.0,4,2,2,10.1,Pass,Person_77,3507286266.0,Pisces,Yellow,Cinema
REC00078,M,21.0,12.0,12.0,1,5.0,yes,no,1,2,1.0,0,2,2,13.2,Pass,Person_78,3851060854.0,Capricorn,Red,Hiking
REC00079,M,17.0,1.9,1.9,0,17.0,yes,yes,3,3,1.0,2,4,3,8.3,Fail,Person_79,3876710515.0,Aries,Yellow,Reading
REC00080,F,19.0,4.4,4.4,0,,yes,no,2,3,1.0,1,2,3,11.1,Pass,Person_80,3157212215.0,Gemini,Orange,Music
REC00081,M,15.0,3.8,3.8,1,0.0,no,no,4,5,1.0,1,4,1,9.9,Fail,Person_81,3421884182.0,Virgo,Green,Gaming
REC00082,M,21.0,3.2,3.2,0,2.0,yes,no,3,2,1.0,0,0,2,7.0,Fail,Person_82,3696436219.0,Sagittarius,White,Cooking
REC00083,F,19.0,9.3,9.3,2,7.0,yes,yes,4,5,2.0,4,2,1,13.0,Pass,Person_83,3051050022.0,Gemini,Yellow,Gardening
REC00084,F,21.0,11.3,11.3,0,4.0,yes,yes,5,3,2.0,1,0,3,13.5,Pass,Person_84,3706973838.0,Taurus,Pink,Cooking
REC00085,F,19.0,,3.2,0,5.0,yes,yes,5,1,4.0,3,4,4,13.4,Pass,Person_85,3338282776.0,Sagittarius,Gray,Hiking
REC00086,M,19.0,5.0,5.0,1,1.0,yes,yes,4,3,3.0,0,3,2,8.8,Fail,Person_86,3102248944.0,Leo,Pink,Photography
REC00087,F,17.0,12.2,12.2,0,9.0,yes,yes,4,3,,1,2,1,13.4,Pass,Person_87,3256308883.0,Libra,Black,Hiking
REC00088,F,22.0,,4.5,0,3.0,yes,,1,1,1.0,1,1,4,10.4,Pass,Person_88,3613670648.0,Cancer,Green,Hiking
REC00089,F,21.0,10.0,10.0,0,6.0,yes,no,2,3,2.0,4,3,2,13.5,Pass,Person_89,3334912129.0,Libra,Black,Gardening
REC00090,F,5.0,11.1,11.1,0,9.0,no,,1,1,5.0,2,1,3,11.9,Pass,Person_90,3195634141.0,Leo,Gray,Hiking
REC00091,F,20.0,7.4,7.4,2,7.0,no,yes,3,5,1.0,4,1,3,6.2,Fail,Person_91,3206740958.0,Leo,Green,Photography
REC00092,M,19.0,11.9,11.9,2,2.0,no,yes,5,5,4.0,0,2,3,16.1,Pass,Person_92,3029178166.0,Scorpio,Orange,Cooking
REC00093,M,21.0,12.6,12.6,0,5.0,no,no,5,1,5.0,3,1,4,17.0,Pass,Person_93,3968688294.0,Capricorn,Orange,Music
REC00094,F,22.0,5.5,5.5,0,1.0,yes,yes,3,5,1.0,0,2,3,14.9,Pass,Person_94,3407312530.0,Aries,Orange,Hiking
REC00095,F,15.0,11.1,11.1,3,7.0,yes,yes,3,5,4.0,0,4,1,6.6,Fail,Person_95,3863094342.0,Capricorn,Orange,Music
REC00096,M,15.0,,7.4,0,9.0,yes,no,4,4,3.0,1,1,2,9.2,Fail,Person_96,3379530281.0,Capricorn,Orange,Gardening
REC00097,M,21.0,12.8,12.8,0,1.0,no,yes,5,5,,4,1,2,15.0,Pass,Person_97,3256152813.0,Capricorn,Red,Cooking
REC00098,M,20.0,2.5,2.5,0,,yes,yes,5,5,1.0,4,3,3,14.4,Pass,Person_98,3815939714.0,Taurus,Yellow,Gaming
REC00099,M,19.0,7.5,7.5,0,2.0,yes,,3,5,,1,4,4,11.2,Pass,Person_99,3229164376.0,Aquarius,Pink,Cinema
REC00100,F,15.0,5.3,5.3,0,3.0,yes,no,5,3,4.0,4,4,4,15.0,Pass,Person_100,3141781908.0,Libra,Blue,Music
REC00101,M,22.0,9.9,9.9,0,1.0,yes,,1,2,,2,3,4,9.1,Fail,Person_101,3983407670.0,Libra,Red,Gaming
REC00102,F,20.0,15.2,15.2,1,4.0,yes,yes,5,4,5.0,2,3,1,15.4,Pass,Person_102,3641014270.0,Capricorn,Green,Sports
REC00103,F,18.0,9.1,9.1,0,2.0,yes,no,3,2,1.0,1,0,3,14.5,Pass,Person_103,3330465656.0,Leo,White,Music
REC00104,M,17.0,9.2,9.2,3,4.0,yes,yes,5,1,5.0,1,1,2,8.7,Fail,Person_104,3288078956.0,Capricorn,Gray,Sports
REC00105,F,19.0,3.2,3.2,0,6.0,yes,,3,3,4.0,0,1,1,9.6,Fail,Person_105,3522586879.0,Gemini,Purple,Music
REC00106,M,21.0,,10.2,0,0.0,no,no,5,4,1.0,0,0,2,12.6,Pass,Person_106,3777179058.0,Virgo,Yellow,Music
REC00107,M,15.0,10.7,10.7,0,9.0,no,yes,1,1,5.0,4,4,1,13.0,Pass,Person_107,3887889201.0,Virgo,Green,Reading
REC00108,M,19.0,7.0,7.0,2,0.0,no,yes,5,1,3.0,2,2,2,11.7,Pass,Person_108,3436373948.0,Sagittarius,Red,Gardening
REC00109,F,22.0,4.3,4.3,0,4.0,no,,1,2,5.0,1,2,3,12.7,Pass,Person_109,3526453503.0,Leo,Purple,Gardening
REC00110,F,17.0,3.0,3.0,0,2.0,yes,no,5,2,1.0,4,2,1,12.7,Pass,Person_110,3691162929.0,Cancer,Gray,Cooking
REC00111,M,17.0,5.7,5.7,1,3.0,no,yes,2,1,2.0,3,0,1,13.2,Pass,Person_111,3576388501.0,Pisces,Blue,Sports
REC00112,F,16.0,6.2,6.2,0,1.0,yes,no,3,1,2.0,2,1,4,11.1,Pass,Person_112,3819143732.0,Taurus,Orange,Sports
REC00113,M,17.0,11.2,11.2,0,4.0,yes,no,4,3,2.0,4,1,2,17.3,Pass,Person_113,3883188373.0,Taurus,Blue,Cooking
REC00114,F,15.0,17.3,17.3,0,,no,yes,1,3,2.0,1,2,4,15.0,Pass,Person_114,3232174961.0,Capricorn,Orange,Hiking
REC00115,F,21.0,,9.7,2,0.0,yes,yes,4,4,4.0,1,2,1,11.9,Pass,Person_115,3105318354.0,Libra,Blue,Music
REC00116,F,18.0,3.6,3.6,3,0.0,no,,2,4,1.0,4,0,1,7.6,Fail,Person_116,3324583123.0,Gemini,Black,Gaming
REC00117,F,20.0,12.9,12.9,0,2.0,yes,yes,5,3,,1,4,2,18.0,Pass,Person_117,3609704004.0,Cancer,Green,Sports
REC00118,F,16.0,7.8,7.8,0,6.0,no,yes,4,5,1.0,2,0,4,10.7,Pass,Person_118,3341710997.0,Gemini,Green,Gaming
REC00119,M,20.0,14.2,14.2,1,3.0,no,yes,1,4,1.0,4,0,1,14.6,Pass,Person_119,3148608008.0,Aquarius,White,Cooking
REC00120,M,15.0,8.1,8.1,3,,yes,yes,3,5,2.0,2,4,2,9.9,Fail,Person_120,3762804869.0,Sagittarius,Green,Cinema
REC00121,M,20.0,8.5,8.5,0,2.0,no,yes,1,4,3.0,0,1,3,10.9,Pass,Person_121,3579747429.0,Cancer,Blue,Gardening
REC00122,F,22.0,13.6,13.6,0,1.0,no,yes,3,3,3.0,1,4,4,13.9,Pass,Person_122,3401447835.0,Libra,White,Gardening
REC00123,M,21.0,8.0,8.0,0,1.0,no,yes,1,2,2.0,0,4,4,10.6,Pass,Person_123,3064052820.0,Sagittarius,White,Sports
REC00124,M,5.0,8.0,8.0,0,0.0,yes,yes,5,5,1.0,0,3,3,11.0,Pass,Person_124,3511979623.0,Aries,Purple,Gardening
REC00125,F,19.0,6.1,6.1,0,,no,no,2,3,3.0,2,0,4,16.6,Pass,Person_125,3183054377.0,Aquarius,Blue,Cinema
REC00126,M,21.0,4.4,4.4,0,3.0,yes,yes,3,5,4.0,4,1,1,10.1,Pass,Person_126,3068178025.0,Scorpio,Orange,Cinema
REC00127,M,20.0,3.8,3.8,2,8.0,yes,yes,1,1,5.0,1,3,2,9.2,Fail,Person_127,3987846642.0,Pisces,Green,Cooking
REC00128,F,17.0,4.8,4.8,0,3.0,no,no,5,4,4.0,1,3,2,11.2,Pass,Person_128,3954426265.0,Libra,White,Photography
REC00129,F,17.0,12.8,12.8,0,2.0,no,yes,4,1,5.0,2,0,3,16.0,Pass,Person_129,3954118117.0,Gemini,Black,Sports
REC00130,M,15.0,8.6,8.6,0,1.0,no,yes,5,1,1.0,4,0,4,19.4,Pass,Person_130,3258018625.0,Gemini,Orange,Reading
REC00131,M,18.0,8.7,8.7,0,1.0,no,yes,4,4,5.0,0,3,2,9.6,Fail,Person_131,3529602268.0,Leo,Blue,Photography
REC00132,F,18.0,14.8,14.8,0,2.0,yes,no,4,3,3.0,4,3,2,17.2,Pass,Person_132,3952263180.0,Aries,Blue,Gardening
REC00133,F,20.0,12.5,12.5,0,5.0,yes,yes,5,5,3.0,1,3,4,15.9,Pass,Person_133,3637391642.0,Capricorn,Blue,Photography
REC00134,F,18.0,,2.6,0,,yes,yes,1,1,5.0,1,1,3,13.2,Pass,Person_134,3942678642.0,Pisces,Black,Travel
REC00135,M,19.0,,9.1,0,3.0,no,no,3,1,2.0,4,4,2,16.9,Pass,Person_135,3349406256.0,Cancer,Green,Cinema
REC00136,F,21.0,7.3,7.3,0,5.0,no,yes,5,4,5.0,2,4,2,10.7,Pass,Person_136,3410741310.0,Taurus,Pink,Sports
REC00137,F,18.0,7.6,7.6,1,3.0,yes,yes,1,4,1.0,2,3,1,12.9,Pass,Person_137,3737488903.0,Sagittarius,Orange,Hiking
REC00138,M,19.0,7.7,7.7,2,0.0,no,yes,1,1,4.0,2,3,2,8.5,Fail,Person_138,3108331039.0,Aries,Yellow,Gardening
REC00139,F,20.0,5.2,5.2,1,1.0,yes,yes,3,5,4.0,1,0,2,7.1,Fail,Person_139,3740362812.0,Capricorn,Orange,Sports
REC00140,F,21.0,11.0,11.0,0,2.0,no,no,4,1,5.0,2,0,1,16.8,Pass,Person_140,3350360730.0,Aries,Blue,Cooking
REC00141,M,17.0,0.8,0.8,1,6.0,no,yes,4,2,3.0,2,0,3,7.8,Fail,Person_141,3751845411.0,Taurus,Black,Sports
REC00142,M,17.0,11.6,11.6,1,4.0,no,no,4,3,2.0,0,4,4,12.6,Pass,Person_142,3809525414.0,Pisces,Blue,Hiking
REC00143,F,18.0,11.1,11.1,1,,yes,,3,2,3.0,0,3,2,14.5,Pass,Person_143,3998832657.0,Cancer,Blue,Travel
REC00144,F,17.0,6.2,6.2,1,7.0,yes,no,3,4,2.0,2,4,1,8.6,Fail,Person_144,3987656688.0,Capricorn,Gray,Gardening
REC00145,F,18.0,0.2,0.2,0,3.0,no,yes,4,2,1.0,0,3,4,8.4,Fail,Person_145,3911922996.0,Scorpio,White,Cinema
REC00146,M,18.0,8.7,8.7,0,4.0,no,yes,4,4,3.0,4,3,2,13.4,Pass,Person_146,3157159995.0,Scorpio,Yellow,Hiking
REC00147,F,16.0,9.6,9.6,0,,no,yes,5,1,2.0,2,2,2,11.6,Pass,Person_147,3337563683.0,Aquarius,Black,Cinema
REC00148,F,18.0,4.3,4.3,0,13.0,yes,yes,5,2,2.0,3,2,1,10.8,Pass,Person_148,3903039712.0,Virgo,Orange,Hiking
REC00149,F,20.0,8.3,8.3,0,5.0,yes,no,5,2,2.0,4,3,3,14.6,Pass,Person_149,3478269286.0,Aquarius,Orange,Reading
REC00150,F,19.0,,12.7,0,2.0,yes,no,3,1,4.0,0,3,3,15.7,Pass,Person_150,3951582967.0,Pisces,Red,Photography
REC00151,M,22.0,7.8,7.8,1,3.0,yes,yes,2,3,1.0,4,4,2,9.6,Fail,Person_151,3401231539.0,Pisces,Green,Hiking
REC00152,F,15.0,14.2,14.2,0,1.0,no,no,5,5,2.0,0,3,1,12.6,Pass,Person_152,3887030899.0,Leo,Purple,Photography
REC00153,F,17.0,5.7,5.7,0,2.0,yes,yes,5,5,4.0,2,4,1,14.1,Pass,Person_153,3712372378.0,Sagittarius,Gray,Music
REC00154,M,15.0,,6.3,1,1.0,yes,yes,2,2,5.0,3,1,2,9.7,Fail,Person_154,3189433636.0,Scorpio,Black,Cinema
REC00155,M,22.0,8.1,8.1,0,5.0,yes,yes,2,1,2.0,3,3,3,15.9,Pass,Person_155,3638253722.0,Sagittarius,Black,Gaming
REC00156,F,17.0,9.2,9.2,0,2.0,yes,yes,3,5,1.0,3,3,4,15.4,Pass,Person_156,3443675058.0,Aquarius,Black,Cooking
REC00157,F,17.0,7.3,7.3,0,1.0,yes,yes,4,5,1.0,4,3,3,14.6,Pass,Person_157,3442930462.0,Cancer,Pink,Cooking
REC00158,M,19.0,8.5,8.5,0,3.0,no,yes,5,5,,4,2,2,13.0,Pass,Person_158,3535912405.0,Gemini,Green,Cinema
REC00159,F,15.0,8.8,8.8,0,1.0,no,no,1,5,3.0,1,0,3,13.7,Pass,Person_159,3785420698.0,Libra,Green,Sports
REC00160,F,17.0,8.0,8.0,0,4.0,yes,yes,2,3,,0,1,3,12.8,Pass,Person_160,3979549792.0,Libra,White,Cinema
REC00161,F,15.0,8.1,8.1,1,10.0,yes,yes,2,5,5.0,0,3,3,13.6,Pass,Person_161,3742259722.0,Scorpio,Red,Reading
REC00162,F,15.0,7.8,7.8,0,5.0,no,yes,5,4,5.0,1,2,3,12.2,Pass,Person_162,3601831511.0,Pisces,Pink,Photography
REC00163,M,18.0,6.1,6.1,0,1.0,yes,yes,5,3,4.0,0,0,3,12.5,Pass,Person_163,3630791659.0,Capricorn,Green,Travel
REC00164,F,16.0,18.0,18.0,0,2.0,yes,,5,3,5.0,4,4,4,18.4,Pass,Person_164,3492099735.0,Gemini,Black,Gardening
REC00165,F,17.0,3.3,3.3,1,5.0,no,,3,1,1.0,2,2,2,10.4,Pass,Person_165,3057044904.0,Leo,Blue,Gaming
REC00166,F,16.0,16.4,16.4,0,2.0,no,yes,4,2,,0,4,1,19.0,Pass,Person_166,3886477314.0,Leo,Purple,Reading
REC00167,F,15.0,2.1,2.1,0,3.0,yes,yes,2,1,5.0,4,0,2,12.3,Pass,Person_167,3356656361.0,Taurus,Pink,Sports
REC00168,M,18.0,8.5,8.5,0,2.0,yes,yes,5,1,,2,4,1,12.1,Pass,Person_168,3161742282.0,Sagittarius,Yellow,Cooking
REC00169,F,16.0,7.7,7.7,1,1.0,yes,yes,3,5,1.0,1,3,1,11.6,Pass,Person_169,3920037361.0,Cancer,Gray,Cinema
REC00170,F,18.0,,6.1,1,4.0,no,,2,4,4.0,2,3,1,9.2,Fail,Person_170,3134970997.0,Cancer,Red,Hiking
REC00171,M,18.0,,7.8,0,,yes,yes,4,5,2.0,0,4,1,11.4,Pass,Person_171,3762238206.0,Capricorn,Purple,Reading
REC00172,M,15.0,1.2,1.2,0,4.0,yes,yes,1,5,1.0,0,4,4,9.2,Fail,Person_172,3252823152.0,Pisces,Pink,Travel
REC00173,M,16.0,7.6,7.6,0,,yes,yes,5,1,5.0,3,4,3,11.3,Pass,Person_173,3683575106.0,Cancer,Red,Gaming
REC00174,F,16.0,14.6,14.6,0,0.0,yes,no,1,1,5.0,0,1,3,17.5,Pass,Person_174,3110149732.0,Virgo,White,Reading
REC00175,M,16.0,11.0,11.0,0,2.0,yes,yes,1,4,3.0,3,0,2,11.4,Pass,Person_175,3837542805.0,Aquarius,Yellow,Cinema
REC00176,M,19.0,10.1,10.1,1,3.0,yes,,1,1,2.0,3,3,1,14.2,Pass,Person_176,3305036898.0,Sagittarius,Yellow,Cinema
REC00177,M,19.0,,5.9,0,17.0,no,,3,2,1.0,4,4,4,9.2,Fail,Person_177,3417185220.0,Aries,White,Photography
REC00178,M,17.0,2.9,2.9,0,6.0,yes,yes,4,3,1.0,0,0,4,9.9,Fail,Person_178,3181279234.0,Capricorn,Blue,Gaming
REC00179,M,22.0,,13.5,3,3.0,no,yes,4,1,3.0,1,3,4,9.2,Fail,Person_179,3128981599.0,Libra,Red,Sports
REC00180,F,15.0,7.9,7.9,0,,yes,yes,4,3,1.0,4,0,1,12.9,Pass,Person_180,3856853193.0,Cancer,Blue,Cooking
REC00181,M,15.0,,3.1,0,,yes,yes,4,2,5.0,0,1,4,6.8,Fail,Person_181,3012701437.0,Libra,Red,Music
REC00182,F,17.0,10.3,10.3,0,2.0,no,yes,4,1,2.0,2,2,3,14.2,Pass,Person_182,3385826602.0,Taurus,Yellow,Reading
REC00183,M,18.0,12.2,12.2,0,3.0,no,yes,1,1,1.0,2,0,2,13.9,Pass,Person_183,3284767242.0,Aquarius,Green,Hiking
REC00184,F,21.0,4.7,4.7,3,2.0,no,yes,5,4,1.0,3,0,4,9.0,Fail,Person_184,3939078302.0,Scorpio,Yellow,Photography
REC00185,M,15.0,5.9,5.9,0,2.0,yes,yes,1,2,1.0,4,1,2,14.3,Pass,Person_185,3504749524.0,Gemini,Gray,Hiking
REC00186,M,20.0,4.4,4.4,1,8.0,yes,yes,5,4,2.0,1,3,4,6.1,Fail,Person_186,3074977068.0,Virgo,Yellow,Cooking
REC00187,M,21.0,6.6,6.6,0,1.0,yes,yes,4,5,4.0,0,2,2,15.3,Pass,Person_187,3518550369.0,Aries,Black,Cinema
REC00188,M,16.0,3.1,3.1,1,2.0,no,,4,3,3.0,2,1,1,6.7,Fail,Person_188,3562189219.0,Virgo,Purple,Cinema
REC00189,F,80.0,9.7,9.7,2,,yes,yes,2,2,3.0,1,1,1,12.6,Pass,Person_189,3805904412.0,Taurus,Pink,Gardening
REC00190,M,21.0,2.7,2.7,0,7.0,yes,yes,5,4,5.0,0,1,3,10.9,Pass,Person_190,3789726528.0,Scorpio,Red,Reading
REC00191,M,16.0,,16.0,0,7.0,no,no,3,4,3.0,3,1,3,15.2,Pass,Person_191,3835536264.0,Sagittarius,Orange,Music
REC00192,F,16.0,1.3,1.3,0,1.0,yes,yes,3,2,2.0,2,1,2,10.7,Pass,Person_192,3903926062.0,Virgo,Blue,Travel
REC00193,M,16.0,0.0,0.0,3,,no,yes,5,2,2.0,0,0,3,7.5,Fail,Person_193,3242055925.0,Gemini,Red,Reading
REC00194,F,21.0,3.8,3.8,1,2.0,yes,yes,4,2,2.0,3,1,4,8.7,Fail,Person_194,3545890178.0,Cancer,Blue,Music
REC00195,M,19.0,7.3,7.3,0,8.0,yes,yes,3,3,5.0,3,1,4,15.4,Pass,Person_195,3642000109.0,Aquarius,Purple,Reading
REC00196,F,16.0,2.1,2.1,0,0.0,no,no,5,5,2.0,2,4,2,12.4,Pass,Person_196,3359854233.0,Aquarius,Red,Gaming
REC00197,F,22.0,9.5,9.5,3,4.0,yes,no,2,4,1.0,1,2,1,10.9,Pass,Person_197,3074497663.0,Pisces,Purple,Hiking
REC00198,M,22.0,4.4,4.4,0,2.0,yes,yes,2,1,5.0,4,3,3,14.1,Pass,Person_198,3059448008.0,Scorpio,Blue,Hiking
REC00199,F,17.0,14.6,14.6,0,10.0,yes,yes,3,1,5.0,4,1,4,16.9,Pass,Person_199,3629213085.0,Pisces,Red,Travel
REC00200,M,22.0,4.0,4.0,0,4.0,yes,no,2,4,4.0,0,1,4,11.7,Pass,Person_200,3164810515.0,Virgo,Orange,Gardening
REC00201,F,22.0,9.5,9.5,0,7.0,yes,no,4,2,1.0,4,1,4,17.7,Pass,Person_201,3099036071.0,Cancer,Black,Gaming
REC00202,F,15.0,10.4,10.4,2,5.0,yes,yes,5,2,1.0,2,4,3,11.7,Pass,Person_202,3346288882.0,Sagittarius,Gray,Sports
REC00203,F,16.0,,5.5,1,,yes,yes,4,1,3.0,3,2,4,9.8,Fail,Person_203,3962171778.0,Aquarius,Black,Cinema
REC00204,M,22.0,15.3,15.3,1,,yes,,5,5,4.0,4,2,1,16.2,Pass,Person_204,3140697323.0,Virgo,Black,Hiking
REC00205,M,21.0,12.0,12.0,0,9.0,no,no,2,3,3.0,2,4,3,13.6,Pass,Person_205,3432628494.0,Sagittarius,Pink,Gardening
REC00206,F,21.0,1.1,1.1,2,7.0,no,yes,4,5,5.0,1,0,1,7.3,Fail,Person_206,3423584464.0,Sagittarius,Gray,Hiking
REC00207,F,20.0,4.3,4.3,3,2.0,no,yes,5,1,5.0,4,3,2,7.8,Fail,Person_207,3285109844.0,Virgo,Blue,Photography
REC00208,F,19.0,3.4,3.4,0,,no,yes,2,5,2.0,0,4,2,8.9,Fail,Person_208,3326325217.0,Aries,Pink,Gaming
REC00209,F,15.0,14.2,14.2,0,1.0,no,yes,3,3,2.0,1,4,1,13.7,Pass,Person_209,3376634491.0,Leo,Gray,Reading
REC00210,M,17.0,0.7,0.7,1,1.0,no,yes,5,5,3.0,1,2,2,10.2,Pass,Person_210,3314646876.0,Libra,Black,Photography
REC00211,F,15.0,13.8,13.8,0,2.0,no,yes,5,3,5.0,2,2,2,17.6,Pass,Person_211,3551599080.0,Sagittarius,Purple,Reading
REC00212,F,20.0,,14.9,1,3.0,yes,yes,3,2,4.0,0,4,1,9.7,Fail,Person_212,3323314981.0,Aries,Gray,Travel
REC00213,F,19.0,0.0,0.0,2,1.0,no,yes,3,1,,2,2,3,7.5,Fail,Person_213,3284163560.0,Leo,Red,Cooking
REC00214,F,18.0,12.5,12.5,0,9.0,no,,1,5,3.0,2,4,2,13.3,Pass,Person_214,3842947257.0,Aquarius,Orange,Travel
REC00215,F,20.0,11.0,11.0,0,3.0,yes,yes,3,5,1.0,4,1,2,13.2,Pass,Person_215,3943336174.0,Leo,Red,Gaming
REC00216,F,15.0,2.8,2.8,0,2.0,no,no,1,1,5.0,3,4,1,11.6,Pass,Person_216,3864302128.0,Aquarius,Gray,Gaming
REC00217,M,18.0,10.7,10.7,0,3.0,no,yes,5,2,,0,1,1,14.5,Pass,Person_217,3683889496.0,Sagittarius,Red,Travel
REC00218,F,19.0,9.7,9.7,0,0.0,no,no,3,4,,4,1,1,14.9,Pass,Person_218,3631983871.0,Libra,Red,Cinema
REC00219,M,16.0,7.3,7.3,0,2.0,yes,yes,1,5,3.0,1,3,1,10.1,Pass,Person_219,3186219904.0,Taurus,Red,Travel
REC00220,M,16.0,11.8,11.8,0,0.0,no,no,2,4,1.0,1,2,2,13.3,Pass,Person_220,3842488204.0,Aries,Red,Hiking
REC00221,M,15.0,8.5,8.5,0,,no,yes,1,3,1.0,3,0,2,14.5,Pass,Person_221,3741594369.0,Scorpio,Black,Hiking
REC00222,M,21.0,,1.0,1,2.0,yes,yes,1,2,4.0,3,4,2,10.9,Pass,Person_222,3967990114.0,Libra,White,Reading
REC00223,M,21.0,7.2,7.2,1,2.0,yes,yes,1,3,,3,1,3,13.5,Pass,Person_223,3889387446.0,Virgo,White,Sports
REC00224,F,22.0,3.7,3.7,0,1.0,yes,,1,2,1.0,3,4,2,13.4,Pass,Person_224,3030600477.0,Taurus,Yellow,Cinema
REC00225,F,20.0,11.9,11.9,0,0.0,yes,yes,1,3,2.0,1,4,2,11.8,Pass,Person_225,3696073406.0,Scorpio,Yellow,Hiking
REC00226,M,21.0,4.1,4.1,0,2.0,yes,no,1,4,5.0,0,3,4,12.2,Pass,Person_226,3875512396.0,Taurus,Pink,Reading
REC00227,F,18.0,2.5,2.5,0,1.0,yes,yes,1,2,1.0,0,0,3,13.5,Pass,Person_227,3026729997.0,Cancer,Purple,Cinema
REC00228,F,21.0,15.0,15.0,1,0.0,yes,yes,2,5,,3,1,4,14.6,Pass,Person_228,3061620206.0,Taurus,White,Gardening
REC00229,M,22.0,4.4,4.4,0,1.0,yes,yes,2,4,2.0,3,4,2,9.3,Fail,Person_229,3508012066.0,Gemini,Red,Gardening
REC00230,M,19.0,8.4,8.4,0,5.0,no,,2,1,4.0,3,1,3,18.6,Pass,Person_230,3802555090.0,Cancer,Yellow,Gaming
REC00231,M,18.0,3.1,3.1,0,4.0,no,yes,3,4,3.0,3,3,4,17.1,Pass,Person_231,3364824713.0,Scorpio,Purple,Music
REC00232,F,22.0,,12.9,0,1.0,no,yes,3,2,,4,0,1,15.5,Pass,Person_232,3992399223.0,Capricorn,Green,Music
REC00233,F,21.0,14.6,14.6,0,1.0,yes,no,3,4,5.0,2,3,2,15.2,Pass,Person_233,3839597003.0,Virgo,Gray,Sports
REC00234,F,20.0,6.4,6.4,0,1.0,yes,yes,3,3,4.0,3,2,1,13.1,Pass,Person_234,3233173418.0,Taurus,Blue,Gardening
REC00235,F,22.0,3.4,3.4,0,1.0,no,no,1,5,5.0,1,4,2,9.0,Fail,Person_235,3184063547.0,Gemini,Green,Cinema
REC00236,F,15.0,8.5,8.5,0,2.0,yes,yes,1,3,,4,2,1,14.7,Pass,Person_236,3381965800.0,Aries,Purple,Cooking
REC00237,M,17.0,2.0,2.0,0,7.0,yes,no,5,5,5.0,0,3,1,8.0,Fail,Person_237,3780677548.0,Scorpio,Blue,Cinema
REC00238,M,22.0,,6.3,1,2.0,no,yes,3,5,3.0,4,4,3,12.8,Pass,Person_238,3241495216.0,Capricorn,Green,Cooking
REC00239,F,20.0,8.2,8.2,0,9.0,yes,yes,5,2,4.0,1,4,2,15.2,Pass,Person_239,3301573430.0,Pisces,Pink,Gaming
REC00240,M,22.0,0.4,0.4,0,4.0,no,yes,4,3,5.0,0,3,4,7.3,Fail,Person_240,3714152566.0,Virgo,Green,Gardening
REC00241,M,19.0,,8.3,0,1.0,yes,no,3,2,2.0,0,0,3,14.3,Pass,Person_241,3266024791.0,Aquarius,Orange,Hiking
REC00242,M,21.0,10.0,10.0,0,4.0,yes,,2,1,2.0,3,0,3,14.2,Pass,Person_242,3052891819.0,Sagittarius,Green,Music
REC00243,M,21.0,11.4,11.4,0,0.0,no,yes,5,2,4.0,3,2,4,15.3,Pass,Person_243,3877167267.0,Virgo,Yellow,Music
REC00244,M,17.0,6.2,6.2,0,2.0,yes,yes,3,1,2.0,0,2,2,13.7,Pass,Person_244,3357792251.0,Scorpio,Purple,Travel
REC00245,M,22.0,,6.9,0,8.0,yes,yes,4,5,4.0,0,3,1,15.2,Pass,Person_245,3656375921.0,Cancer,Black,Cinema
REC00246,F,18.0,17.0,17.0,1,4.0,yes,yes,1,1,3.0,2,2,1,14.8,Pass,Person_246,3583962714.0,Leo,Blue,Travel
REC00247,M,15.0,10.9,10.9,1,1.0,yes,yes,4,3,2.0,0,0,1,10.8,Pass,Person_247,3236725966.0,Aries,Pink,Music
REC00248,M,22.0,7.6,7.6,0,1.0,yes,yes,4,2,2.0,0,2,2,14.9,Pass,Person_248,3707511928.0,Virgo,Purple,Cinema
REC00249,F,20.0,8.7,8.7,0,10.0,yes,yes,2,2,5.0,3,0,1,14.5,Pass,Person_249,3783587413.0,Gemini,Black,Cooking
REC00250,M,16.0,0.2,0.2,2,8.0,no,yes,4,2,3.0,2,0,4,7.4,Fail,Person_250,3310271148.0,Virgo,Orange,Cooking
REC00251,M,18.0,10.3,10.3,0,3.0,yes,no,4,4,4.0,1,1,2,9.4,Fail,Person_251,3906976993.0,Virgo,White,Cinema
REC00252,M,16.0,7.8,7.8,1,4.0,no,yes,3,4,3.0,0,4,1,12.4,Pass,Person_252,3473981050.0,Gemini,White,Reading
REC00253,M,21.0,11.0,11.0,0,5.0,no,yes,5,4,2.0,4,3,3,11.5,Pass,Person_253,3337446533.0,Leo,Orange,Travel
REC00254,F,17.0,11.2,11.2,2,4.0,yes,yes,1,4,4.0,4,3,1,12.5,Pass,Person_254,3957983014.0,Cancer,Green,Music
REC00255,F,16.0,9.0,9.0,0,1.0,no,no,1,4,5.0,0,1,2,14.5,Pass,Person_255,3424588682.0,Sagittarius,White,Cooking
REC00256,F,15.0,,5.7,0,4.0,no,,3,2,4.0,0,0,1,11.5,Pass,Person_256,3905879089.0,Aries,Gray,Hiking
REC00257,F,21.0,6.1,6.1,0,0.0,yes,yes,1,2,,1,4,1,11.9,Pass,Person_257,3902632355.0,Sagittarius,Green,Travel
REC00258,F,22.0,,11.7,0,1.0,yes,yes,4,1,4.0,0,1,4,15.2,Pass,Person_258,3659839360.0,Sagittarius,Orange,Travel
REC00259,M,17.0,6.4,6.4,0,2.0,no,yes,1,3,3.0,0,3,1,10.1,Pass,Person_259,3781339555.0,Leo,Yellow,Travel
REC00260,M,19.0,13.5,13.5,0,,yes,no,3,3,2.0,2,2,3,15.1,Pass,Person_260,3588040765.0,Scorpio,Yellow,Gaming
REC00261,F,21.0,19.0,19.0,0,1.0,yes,yes,2,4,5.0,3,4,2,20.0,Pass,Person_261,3573306458.0,Aries,Yellow,Photography
REC00262,F,15.0,5.9,5.9,1,4.0,no,yes,3,3,3.0,4,3,3,11.2,Pass,Person_262,3434338441.0,Sagittarius,Red,Cinema
REC00263,F,17.0,6.3,6.3,0,5.0,yes,no,2,4,1.0,1,2,3,11.7,Pass,Person_263,3037767358.0,Libra,Blue,Cinema
REC00264,M,22.0,4.0,4.0,0,8.0,no,yes,5,4,3.0,3,2,1,12.0,Pass,Person_264,3497248277.0,Capricorn,Red,Reading
REC00265,F,19.0,11.4,11.4,0,-3.0,no,yes,3,2,2.0,2,1,4,8.5,Fail,Person_265,3940672071.0,Aries,Black,Music
REC00266,M,19.0,12.7,12.7,0,0.0,no,yes,1,4,3.0,2,4,3,15.5,Pass,Person_266,3549560829.0,Aries,Purple,Photography
REC00267,M,20.0,3.9,3.9,0,2.0,yes,yes,3,2,2.0,4,3,4,13.1,Pass,Person_267,3536220936.0,Gemini,Green,Travel
REC00268,M,16.0,12.3,12.3,0,2.0,no,yes,5,2,4.0,0,3,1,12.7,Pass,Person_268,3088352734.0,Sagittarius,Green,Hiking
REC00269,F,22.0,9.6,9.6,0,0.0,yes,yes,1,5,4.0,2,0,3,15.2,Pass,Person_269,3136833288.0,Virgo,Red,Gardening
REC00270,M,19.0,13.2,13.2,0,3.0,yes,yes,5,5,,2,1,4,19.7,Pass,Person_270,3855560639.0,Aquarius,Black,Hiking
REC00271,M,17.0,10.3,10.3,0,3.0,yes,yes,3,2,3.0,3,0,4,17.2,Pass,Person_271,3890638733.0,Sagittarius,Yellow,Music
REC00272,F,20.0,12.8,12.8,0,1.0,yes,yes,3,4,3.0,4,4,1,14.0,Pass,Person_272,3365733389.0,Capricorn,Green,Photography
REC00273,M,22.0,1.8,1.8,0,1.0,yes,yes,1,1,5.0,4,4,3,12.4,Pass,Person_273,3482036919.0,Pisces,White,Travel
REC00274,M,19.0,15.7,15.7,0,4.0,yes,yes,3,3,3.0,4,3,3,17.3,Pass,Person_274,3419307990.0,Taurus,White,Music
REC00275,F,18.0,9.3,9.3,3,2.0,yes,yes,4,3,4.0,0,2,4,8.3,Fail,Person_275,3097637708.0,Leo,Yellow,Cinema
REC00276,F,18.0,3.0,3.0,2,-3.0,no,yes,3,5,3.0,1,4,4,5.0,Fail,Person_276,3492944870.0,Leo,Purple,Sports
REC00277,F,18.0,10.8,10.8,1,3.0,yes,yes,3,2,,0,3,2,12.0,Pass,Person_277,3551139570.0,Aquarius,Red,Cooking
REC00278,F,20.0,5.8,5.8,0,8.0,yes,yes,5,5,4.0,0,4,3,6.9,Fail,Person_278,3083136102.0,Libra,Black,Cinema
REC00279,M,16.0,11.9,11.9,0,13.0,no,,1,4,4.0,0,3,3,13.7,Pass,Person_279,3318260388.0,Sagittarius,Blue,Cinema
REC00280,F,15.0,5.0,5.0,1,3.0,yes,yes,1,2,2.0,3,4,1,12.3,Pass,Person_280,3654489450.0,Scorpio,Black,Music
REC00281,M,20.0,5.4,5.4,1,7.0,yes,yes,5,4,1.0,4,3,3,8.7,Fail,Person_281,3977970155.0,Leo,Red,Reading
REC00282,M,20.0,6.5,6.5,0,,yes,yes,4,4,1.0,3,4,1,15.6,Pass,Person_282,3657200785.0,Sagittarius,Green,Travel
REC00283,M,17.0,6.0,6.0,3,2.0,yes,no,5,3,1.0,1,3,4,10.2,Pass,Person_283,3981331838.0,Leo,Pink,Reading
REC00284,F,16.0,,2.2,0,5.0,yes,yes,3,5,1.0,2,0,3,12.3,Pass,Person_284,3111338525.0,Aries,Pink,Cinema
REC00285,M,15.0,6.0,6.0,0,1.0,yes,yes,2,3,5.0,3,1,3,13.5,Pass,Person_285,3412309540.0,Gemini,Pink,Hiking
REC00286,M,18.0,9.5,9.5,0,1.0,yes,no,4,3,4.0,3,2,1,14.6,Pass,Person_286,3160267793.0,Aries,Yellow,Hiking
REC00287,M,19.0,6.9,6.9,0,,yes,,1,4,4.0,2,0,4,12.7,Pass,Person_287,3568407331.0,Leo,Purple,Photography
REC00288,M,16.0,11.0,11.0,1,,yes,yes,5,2,4.0,0,1,3,9.9,Fail,Person_288,3691823404.0,Pisces,Orange,Travel
REC00289,M,20.0,8.6,8.6,2,0.0,yes,,3,5,5.0,2,3,3,9.8,Fail,Person_289,3224252919.0,Gemini,Yellow,Hiking
REC00290,M,22.0,,5.5,0,,yes,,3,3,,0,2,4,11.9,Pass,Person_290,3043293919.0,Scorpio,Green,Photography
REC00291,M,19.0,7.7,7.7,0,0.0,no,yes,1,5,,1,0,3,11.7,Pass,Person_291,3103949879.0,Aries,Green,Photography
REC00292,F,16.0,5.5,5.5,2,2.0,no,yes,5,1,1.0,4,4,4,8.8,Fail,Person_292,3180082546.0,Pisces,White,Travel
REC00293,F,19.0,4.2,4.2,0,8.0,yes,yes,3,1,5.0,4,3,3,11.5,Pass,Person_293,3408924722.0,Leo,Pink,Photography
REC00294,F,15.0,10.5,10.5,0,3.0,no,yes,1,5,1.0,3,3,1,17.6,Pass,Person_294,3355119098.0,Sagittarius,Blue,Photography
REC00295,F,16.0,8.8,8.8,0,1.0,yes,,3,1,,1,0,4,13.6,Pass,Person_295,3429799677.0,Pisces,Red,Gardening
REC00296,M,16.0,12.7,12.7,0,4.0,yes,yes,5,2,3.0,1,4,2,18.2,Pass,Person_296,3069340556.0,Capricorn,Orange,Sports
REC00297,F,16.0,,17.4,1,1.0,yes,no,1,4,,2,0,3,14.7,Pass,Person_297,3882885805.0,Sagittarius,Gray,Gardening
REC00298,M,22.0,8.8,8.8,0,1.0,no,no,3,1,4.0,1,1,3,11.0,Pass,Person_298,3633504316.0,Sagittarius,Green,Cooking
REC00299,M,17.0,0.0,0.0,0,1.0,yes,,5,4,4.0,4,4,2,10.0,Fail,Person_299,3462558784.0,Scorpio,Pink,Gaming
REC00300,M,15.0,13.7,13.7,1,4.0,no,yes,1,1,5.0,2,1,4,14.8,Pass,Person_300,3240761116.0,Virgo,Red,Gaming
REC00301,M,16.0,4.2,4.2,0,0.0,yes,yes,2,3,4.0,4,0,2,12.5,Pass,Person_301,3715348873.0,Aries,Orange,Hiking
REC00302,F,19.0,14.6,14.6,0,1.0,no,no,5,3,3.0,0,2,3,13.2,Pass,Person_302,3022820431.0,Virgo,Yellow,Cinema
REC00303,F,19.0,5.4,5.4,2,2.0,yes,yes,1,1,1.0,0,2,2,11.4,Pass,Person_303,3597489427.0,Virgo,Pink,Cooking
REC00304,M,18.0,14.5,14.5,2,2.0,no,,4,5,2.0,0,2,2,13.3,Pass,Person_304,3287224614.0,Virgo,Pink,Photography
REC00305,M,15.0,11.5,11.5,0,3.0,yes,no,5,4,5.0,2,1,2,16.7,Pass,Person_305,3900621438.0,Gemini,Orange,Photography
REC00306,F,22.0,6.7,6.7,0,8.0,no,yes,1,1,2.0,0,3,2,9.0,Fail,Person_306,3224063543.0,Aquarius,Green,Gaming
REC00307,M,22.0,8.8,8.8,0,5.0,yes,yes,1,3,3.0,1,4,1,11.2,Pass,Person_307,3178160128.0,Sagittarius,Yellow,Gaming
REC00308,M,20.0,9.1,9.1,0,2.0,no,no,2,5,1.0,1,2,2,14.2,Pass,Person_308,3899794102.0,Sagittarius,White,Gardening
REC00309,F,20.0,12.0,12.0,0,1.0,no,no,1,2,1.0,0,0,3,14.3,Pass,Person_309,3631752027.0,Pisces,Red,Travel
REC00310,M,21.0,8.1,8.1,0,1.0,yes,yes,5,2,3.0,2,2,3,15.0,Pass,Person_310,3550985220.0,Scorpio,Black,Photography
REC00311,F,20.0,5.0,5.0,1,3.0,yes,no,5,5,2.0,1,4,4,6.7,Fail,Person_311,3379686914.0,Leo,Pink,Reading
REC00312,F,15.0,10.8,10.8,0,17.0,no,yes,5,5,3.0,3,4,4,13.6,Pass,Person_312,3567973968.0,Leo,White,Sports
REC00313,F,21.0,5.5,5.5,1,8.0,no,no,1,5,5.0,2,1,1,10.2,Pass,Person_313,3017265136.0,Leo,Gray,Hiking
REC00314,M,16.0,,9.8,0,3.0,no,yes,5,5,3.0,2,3,2,14.9,Pass,Person_314,3147793055.0,Aquarius,Gray,Sports
REC00315,M,16.0,14.4,14.4,0,5.0,yes,no,1,3,1.0,4,4,3,17.0,Pass,Person_315,3019434786.0,Capricorn,Black,Cinema
REC00316,M,18.0,4.3,4.3,2,1.0,yes,no,4,5,,2,0,4,4.0,Fail,Person_316,3872858975.0,Gemini,Purple,Cooking
REC00317,F,18.0,10.2,10.2,1,3.0,yes,yes,4,2,3.0,3,3,2,10.0,Fail,Person_317,3964786630.0,Sagittarius,Yellow,Photography
REC00318,F,15.0,5.7,5.7,0,,yes,yes,4,4,5.0,1,2,4,15.4,Pass,Person_318,3594253226.0,Aquarius,Yellow,Music
REC00319,M,22.0,5.7,5.7,0,,no,yes,2,2,3.0,0,3,4,11.8,Pass,Person_319,3742262268.0,Leo,Pink,Gardening
REC00320,M,16.0,9.0,9.0,2,2.0,yes,yes,1,4,1.0,4,1,1,12.2,Pass,Person_320,3053612669.0,Gemini,Gray,Gardening
REC00321,F,22.0,10.7,10.7,0,0.0,no,no,1,5,1.0,0,0,4,14.5,Pass,Person_321,3012939822.0,Libra,Blue,Reading
REC00322,M,19.0,9.2,9.2,0,2.0,yes,yes,4,4,2.0,0,2,1,12.1,Pass,Person_322,3963996276.0,Aries,Orange,Cinema
REC00323,M,18.0,2.0,2.0,0,3.0,yes,no,1,4,5.0,3,0,3,12.0,Pass,Person_323,3031085094.0,Sagittarius,Green,Music
REC00324,M,22.0,6.3,6.3,2,3.0,no,yes,5,2,4.0,3,1,1,10.2,Pass,Person_324,3657286864.0,Gemini,Pink,Photography
REC00325,F,22.0,6.2,6.2,1,4.0,yes,no,3,4,1.0,4,1,2,9.7,Fail,Person_325,3305324207.0,Aries,Green,Cooking
REC00326,M,17.0,,4.1,0,3.0,yes,yes,5,1,2.0,0,0,2,15.0,Pass,Person_326,3325442769.0,Aries,Purple,Music
REC00327,F,22.0,9.5,9.5,0,4.0,yes,yes,1,5,4.0,1,4,2,18.0,Pass,Person_327,3189905864.0,Cancer,Gray,Hiking
REC00328,M,22.0,7.3,7.3,0,2.0,no,no,3,3,1.0,3,2,2,12.9,Pass,Person_328,3028438266.0,Sagittarius,Red,Photography
REC00329,M,19.0,1.7,1.7,0,2.0,no,yes,5,2,1.0,2,0,4,9.9,Fail,Person_329,3539466810.0,Pisces,White,Travel
REC00330,M,21.0,4.3,4.3,0,10.0,no,yes,5,3,5.0,1,0,1,9.2,Fail,Person_330,3912497224.0,Capricorn,Blue,Gaming
REC00331,M,20.0,12.1,12.1,1,2.0,no,yes,1,3,3.0,0,1,1,12.2,Pass,Person_331,3867620224.0,Leo,Gray,Travel
REC00332,F,20.0,8.7,8.7,0,0.0,no,no,3,3,2.0,4,1,1,16.8,Pass,Person_332,3607558952.0,Virgo,Gray,Cooking
REC00333,F,21.0,9.4,9.4,0,1.0,no,yes,1,4,2.0,0,2,2,10.2,Pass,Person_333,3495969981.0,Capricorn,Black,Reading
REC00334,F,19.0,8.8,8.8,0,2.0,no,yes,5,5,2.0,2,3,3,11.9,Pass,Person_334,3969797061.0,Aries,White,Hiking
REC00335,M,20.0,6.2,6.2,2,3.0,yes,no,1,2,3.0,2,3,2,6.8,Fail,Person_335,3134625705.0,Virgo,Green,Cooking
REC00336,F,20.0,4.7,4.7,2,10.0,yes,yes,2,4,4.0,0,2,2,6.7,Fail,Person_336,3013955136.0,Virgo,Blue,Reading
REC00337,F,17.0,12.0,12.0,0,1.0,yes,yes,4,1,5.0,3,3,3,16.7,Pass,Person_337,3543921614.0,Cancer,White,Hiking
REC00338,M,20.0,6.2,6.2,0,0.0,yes,yes,5,3,3.0,1,0,3,12.8,Pass,Person_338,3002149183.0,Virgo,Yellow,Sports
REC00339,F,22.0,13.5,13.5,0,2.0,yes,yes,4,2,3.0,2,4,4,16.0,Pass,Person_339,3607314638.0,Taurus,Purple,Hiking
REC00340,M,18.0,11.8,11.8,0,2.0,yes,,3,5,3.0,1,3,3,16.4,Pass,Person_340,3874581421.0,Sagittarius,Gray,Cooking
REC00341,M,18.0,9.2,9.2,2,,yes,no,4,5,5.0,3,2,4,14.3,Pass,Person_341,3264716156.0,Leo,Orange,Hiking
REC00342,M,21.0,0.3,0.3,0,,yes,no,3,5,3.0,0,1,2,8.1,Fail,Person_342,3693932675.0,Cancer,Yellow,Hiking
REC00343,M,21.0,2.1,2.1,0,2.0,no,yes,4,4,1.0,1,2,3,11.5,Pass,Person_343,3351952207.0,Virgo,Green,Photography
REC00344,M,22.0,13.3,13.3,0,2.0,no,yes,3,5,1.0,0,4,1,17.3,Pass,Person_344,3910069683.0,Libra,Green,Hiking
REC00345,F,20.0,13.4,13.4,2,0.0,yes,no,5,3,1.0,0,0,4,11.9,Pass,Person_345,3147809296.0,Gemini,Orange,Photography
REC00346,F,18.0,11.9,11.9,2,10.0,yes,,3,3,3.0,3,4,2,8.7,Fail,Person_346,3851546172.0,Aquarius,White,Travel
REC00347,M,18.0,14.4,14.4,0,7.0,yes,yes,5,5,4.0,0,1,3,16.0,Pass,Person_347,3863133189.0,Pisces,Yellow,Cinema
REC00348,M,16.0,8.7,8.7,0,2.0,yes,yes,3,1,3.0,3,3,1,12.2,Pass,Person_348,3404334328.0,Cancer,Gray,Gardening
REC00349,F,19.0,13.4,13.4,0,8.0,yes,yes,1,4,1.0,2,3,4,12.3,Pass,Person_349,3220330763.0,Virgo,Gray,Gaming
REC00350,M,20.0,15.2,15.2,0,1.0,no,,5,3,5.0,1,1,1,15.4,Pass,Person_350,3665112571.0,Virgo,Purple,Travel
REC00351,M,16.0,6.5,6.5,0,1.0,yes,no,4,2,4.0,4,1,4,10.6,Pass,Person_351,3803842493.0,Aries,White,Sports
REC00352,M,19.0,5.7,5.7,1,1.0,no,yes,5,1,,1,2,1,9.9,Fail,Person_352,3983802231.0,Gemini,Red,Gaming
REC00353,F,18.0,3.9,3.9,0,2.0,yes,yes,2,2,3.0,3,1,3,11.9,Pass,Person_353,3887078920.0,Gemini,Green,Photography
REC00354,M,20.0,10.1,10.1,0,10.0,no,yes,2,5,2.0,2,0,4,11.0,Pass,Person_354,3854716382.0,Scorpio,Yellow,Hiking
REC00355,M,21.0,11.6,11.6,1,2.0,no,no,2,2,1.0,0,3,4,10.0,Pass,Person_355,3978121144.0,Libra,Orange,Hiking
REC00356,M,20.0,13.6,13.6,1,2.0,no,yes,3,1,,0,4,1,14.4,Pass,Person_356,3350388712.0,Virgo,Black,Gaming
REC00357,M,16.0,12.2,12.2,0,2.0,yes,yes,1,5,1.0,1,2,4,14.4,Pass,Person_357,3633502522.0,Gemini,Red,Cinema
REC00358,F,17.0,12.1,12.1,0,0.0,no,yes,4,1,1.0,2,2,2,16.1,Pass,Person_358,3743174171.0,Gemini,Green,Gaming
REC00359,F,18.0,0.5,0.5,0,2.0,yes,yes,4,1,1.0,0,4,1,8.9,Fail,Person_359,3527760107.0,Capricorn,Gray,Cinema
REC00360,M,17.0,5.7,5.7,0,,no,yes,3,1,2.0,1,1,3,15.7,Pass,Person_360,3947236720.0,Pisces,Red,Photography
REC00361,F,17.0,1.7,1.7,1,11.0,no,yes,2,1,3.0,2,0,1,8.7,Fail,Person_361,3962793781.0,Virgo,Red,Sports
REC00362,M,21.0,10.0,10.0,3,7.0,yes,,1,1,3.0,3,0,1,9.4,Fail,Person_362,3501850252.0,Virgo,Green,Reading
REC00363,F,20.0,0.0,0.0,0,0.0,yes,yes,5,2,2.0,2,3,4,11.1,Pass,Person_363,3521957963.0,Scorpio,Yellow,Music
REC00364,M,19.0,,5.8,0,3.0,yes,yes,1,2,4.0,4,4,2,10.9,Pass,Person_364,3761248228.0,Aquarius,Black,Reading
REC00365,F,20.0,0.0,0.0,0,5.0,yes,yes,5,4,3.0,2,3,1,11.2,Pass,Person_365,3301858178.0,Cancer,Green,Cooking
REC00366,F,18.0,8.2,8.2,0,2.0,yes,yes,5,2,1.0,4,2,3,12.5,Pass,Person_366,3664238245.0,Gemini,Yellow,Reading
REC00367,F,22.0,3.8,3.8,0,1.0,yes,yes,3,1,4.0,2,3,3,10.6,Pass,Person_367,3195497145.0,Sagittarius,Pink,Cinema
REC00368,F,18.0,11.8,11.8,0,4.0,yes,yes,2,5,3.0,1,3,2,13.0,Pass,Person_368,3923527522.0,Capricorn,Blue,Photography
REC00369,M,20.0,9.2,9.2,0,,no,yes,5,3,4.0,2,2,4,13.7,Pass,Person_369,3807831041.0,Scorpio,Green,Cooking
REC00370,M,20.0,2.3,2.3,1,,yes,yes,4,2,5.0,0,1,3,6.6,Fail,Person_370,3360062388.0,Pisces,Green,Gardening
REC00371,F,22.0,10.2,10.2,3,12.0,yes,yes,4,4,3.0,3,2,1,8.6,Fail,Person_371,3811947241.0,Aries,Blue,Music
REC00372,M,20.0,11.0,11.0,0,3.0,yes,yes,1,2,3.0,3,3,3,13.8,Pass,Person_372,3600057602.0,Leo,Yellow,Cooking
REC00373,M,19.0,18.4,18.4,0,2.0,yes,yes,1,3,1.0,2,3,1,16.8,Pass,Person_373,3589468264.0,Scorpio,Purple,Gardening
REC00374,F,21.0,4.6,4.6,0,0.0,yes,yes,4,5,5.0,0,4,2,14.6,Pass,Person_374,3710782942.0,Virgo,Pink,Travel
REC00375,M,18.0,9.0,9.0,0,0.0,yes,yes,1,2,2.0,4,2,4,15.7,Pass,Person_375,3266879994.0,Virgo,Red,Hiking
REC00376,M,20.0,8.4,8.4,1,,yes,yes,3,2,1.0,4,2,1,14.1,Pass,Person_376,3599588233.0,Virgo,Yellow,Photography
REC00377,F,17.0,4.2,4.2,0,5.0,no,yes,4,2,1.0,3,0,4,10.6,Pass,Person_377,3272369131.0,Capricorn,Purple,Sports
REC00378,M,17.0,,12.3,0,4.0,yes,yes,5,4,5.0,0,2,2,13.4,Pass,Person_378,3717706460.0,Pisces,Green,Travel
REC00379,F,22.0,12.5,12.5,0,1.0,yes,no,5,3,5.0,2,4,4,13.1,Pass,Person_379,3743753207.0,Scorpio,White,Music
REC00380,F,22.0,7.3,7.3,2,16.0,yes,yes,4,5,1.0,0,0,4,9.2,Fail,Person_380,3802850137.0,Aquarius,Blue,Cooking
REC00381,F,18.0,14.6,14.6,0,8.0,yes,yes,3,1,5.0,0,4,2,16.8,Pass,Person_381,3023147522.0,Aquarius,Black,Gardening
REC00382,M,22.0,9.7,9.7,0,,no,no,3,5,,1,3,2,12.3,Pass,Person_382,3397913484.0,Virgo,Purple,Cinema
REC00383,M,15.0,2.9,2.9,0,12.0,yes,no,5,1,2.0,4,0,3,10.1,Pass,Person_383,3213515352.0,Gemini,Yellow,Gaming
REC00384,F,22.0,8.9,8.9,2,8.0,yes,no,1,4,1.0,0,4,1,10.5,Pass,Person_384,3193190565.0,Capricorn,Blue,Music
REC00385,M,16.0,12.7,12.7,0,1.0,no,yes,5,4,3.0,4,3,3,13.8,Pass,Person_385,3391710736.0,Gemini,Gray,Gaming
REC00386,F,16.0,12.7,12.7,0,,yes,yes,1,5,3.0,0,4,4,14.7,Pass,Person_386,3919784048.0,Scorpio,Gray,Cinema
REC00387,M,16.0,5.3,5.3,0,3.0,yes,,5,4,,1,4,4,10.0,Fail,Person_387,3768834432.0,Aquarius,White,Music
REC00388,M,18.0,10.0,10.0,1,1.0,yes,no,2,3,4.0,4,1,2,15.1,Pass,Person_388,3122955661.0,Taurus,Red,Sports
REC00389,M,15.0,,2.7,0,15.0,yes,no,5,2,1.0,3,4,1,10.8,Pass,Person_389,3332943616.0,Virgo,Pink,Cooking
REC00390,F,16.0,8.0,8.0,1,6.0,yes,no,2,3,3.0,4,4,2,14.2,Pass,Person_390,3713211483.0,Libra,Pink,Hiking
REC00391,M,15.0,11.7,11.7,0,1.0,yes,yes,3,3,5.0,2,3,4,18.5,Pass,Person_391,3415213860.0,Cancer,Black,Cinema
REC00392,F,21.0,4.6,4.6,0,3.0,yes,yes,5,4,,0,4,2,11.8,Pass,Person_392,3129624769.0,Virgo,Green,Gaming
REC00393,F,19.0,5.1,5.1,0,3.0,no,yes,1,1,2.0,2,3,2,11.3,Pass,Person_393,3825372111.0,Taurus,Black,Travel
REC00394,F,21.0,,7.1,2,,yes,yes,5,1,3.0,4,4,1,11.5,Pass,Person_394,3608028558.0,Scorpio,Gray,Hiking
REC00395,F,21.0,9.3,9.3,2,3.0,yes,yes,4,4,2.0,3,3,4,11.6,Pass,Person_395,3163901952.0,Aries,Pink,Music
REC00396,M,17.0,9.7,9.7,3,0.0,yes,yes,4,3,3.0,0,4,4,9.3,Fail,Person_396,3896737129.0,Aries,Yellow,Gardening
REC00397,F,18.0,11.8,11.8,0,10.0,yes,,1,2,1.0,1,0,1,9.6,Fail,Person_397,3525503189.0,Cancer,Purple,Photography
REC00398,F,15.0,3.8,3.8,0,1.0,yes,yes,3,1,3.0,4,3,3,15.6,Pass,Person_398,3476151619.0,Leo,Yellow,Photography
REC00399,F,18.0,11.1,11.1,0,1.0,yes,yes,4,4,5.0,4,3,3,18.6,Pass,Person_399,3303112315.0,Gemini,White,Cooking
REC00400,M,19.0,13.4,13.4,0,5.0,yes,no,4,5,3.0,2,4,4,15.5,Pass,Person_400,3870086458.0,Gemini,Blue,Music
REC00401,M,20.0,9.0,9.0,1,1.0,yes,yes,4,3,5.0,2,3,4,12.8,Pass,Person_401,3301579152.0,Capricorn,Yellow,Cooking
REC00402,F,22.0,7.1,7.1,0,3.0,no,no,1,1,2.0,0,4,2,13.3,Pass,Person_402,3038501927.0,Virgo,Purple,Gaming
REC00403,M,20.0,5.7,5.7,2,3.0,yes,yes,4,1,2.0,0,4,4,7.5,Fail,Person_403,3153525498.0,Gemini,White,Sports
REC00404,M,18.0,12.0,12.0,2,0.0,yes,yes,1,5,4.0,4,0,3,14.1,Pass,Person_404,3797960647.0,Gemini,Blue,Gaming
REC00405,F,20.0,2.2,2.2,0,,no,yes,3,2,2.0,2,3,2,13.1,Pass,Person_405,3777289971.0,Scorpio,Green,Gaming
REC00406,F,21.0,10.5,10.5,0,7.0,yes,yes,4,1,2.0,0,1,2,12.4,Pass,Person_406,3726147862.0,Pisces,Black,Cinema
REC00407,F,16.0,12.7,12.7,0,19.0,no,yes,2,4,2.0,3,1,4,13.1,Pass,Person_407,3715909263.0,Aries,Red,Gardening
REC00408,F,22.0,9.9,9.9,0,3.0,no,no,3,3,4.0,0,2,1,10.1,Pass,Person_408,3987822907.0,Capricorn,White,Reading
REC00409,F,21.0,6.6,6.6,0,3.0,yes,no,1,4,2.0,4,1,4,14.8,Pass,Person_409,3493961437.0,Virgo,Yellow,Hiking
REC00410,F,22.0,11.7,11.7,0,2.0,yes,yes,2,3,3.0,1,1,2,18.0,Pass,Person_410,3999673824.0,Libra,Gray,Gardening
REC00411,M,22.0,9.9,9.9,0,0.0,no,yes,1,2,,1,2,4,14.4,Pass,Person_411,3735881231.0,Virgo,Orange,Music
REC00412,F,18.0,7.0,7.0,0,1.0,yes,yes,2,1,5.0,4,2,4,16.7,Pass,Person_412,3290126916.0,Libra,Yellow,Gaming
REC00413,M,20.0,,3.6,0,5.0,yes,yes,3,1,2.0,2,4,4,10.1,Pass,Person_413,3402388571.0,Virgo,White,Gaming
REC00414,M,19.0,16.2,16.2,0,4.0,yes,yes,4,2,,1,4,4,15.1,Pass,Person_414,3426685963.0,Pisces,Purple,Travel
REC00415,M,16.0,4.0,4.0,0,1.0,yes,yes,4,4,5.0,1,4,4,13.2,Pass,Person_415,3239995839.0,Virgo,Purple,Reading
REC00416,F,22.0,12.7,12.7,1,16.0,no,yes,4,4,1.0,4,1,2,10.0,Fail,Person_416,3470694553.0,Pisces,Gray,Gardening
REC00417,F,21.0,7.5,7.5,2,1.0,yes,yes,3,2,1.0,1,2,3,11.9,Pass,Person_417,3356933403.0,Scorpio,Yellow,Gaming
REC00418,M,18.0,3.9,3.9,0,,yes,yes,3,4,5.0,4,2,2,11.6,Pass,Person_418,3608674065.0,Cancer,Pink,Gaming
REC00419,M,22.0,7.1,7.1,0,9.0,yes,no,3,2,4.0,2,4,2,14.7,Pass,Person_419,3619563108.0,Pisces,Orange,Travel
REC00420,M,17.0,15.2,15.2,0,3.0,yes,yes,5,4,3.0,2,3,2,17.6,Pass,Person_420,3397662081.0,Taurus,Blue,Gardening
REC00421,F,15.0,8.3,8.3,0,17.0,yes,yes,1,2,2.0,4,3,3,11.9,Pass,Person_421,3177232507.0,Gemini,Green,Cinema
REC00422,F,22.0,8.2,8.2,0,1.0,yes,yes,5,2,2.0,4,1,1,14.3,Pass,Person_422,3882440442.0,Aries,Pink,Travel
REC00423,M,20.0,13.0,13.0,0,9.0,no,no,3,4,4.0,3,1,2,16.0,Pass,Person_423,3363909622.0,Aquarius,Blue,Cooking
REC00424,F,20.0,2.1,2.1,0,1.0,no,no,1,1,3.0,0,0,1,10.1,Pass,Person_424,3447295845.0,Libra,Yellow,Reading
REC00425,M,15.0,10.1,10.1,1,3.0,yes,yes,4,5,4.0,3,4,3,10.4,Pass,Person_425,3148443017.0,Pisces,Gray,Travel
REC00426,M,21.0,,10.8,0,2.0,yes,no,3,2,2.0,3,3,1,14.0,Pass,Person_426,3808480704.0,Aries,Gray,Reading
REC00427,M,17.0,8.0,8.0,2,5.0,yes,no,4,1,3.0,2,4,3,11.0,Pass,Person_427,3773884428.0,Cancer,Gray,Photography
REC00428,M,15.0,15.0,15.0,1,2.0,yes,no,2,3,1.0,0,1,1,15.7,Pass,Person_428,3075164060.0,Capricorn,Gray,Reading
REC00429,F,15.0,12.8,12.8,0,4.0,yes,yes,3,4,2.0,4,4,4,16.0,Pass,Person_429,3930520961.0,Aries,Blue,Gardening
REC00430,F,22.0,13.7,13.7,2,200.0,no,yes,4,2,2.0,1,2,1,12.4,Pass,Person_430,3785693786.0,Capricorn,Black,Music
REC00431,F,17.0,12.9,12.9,1,0.0,yes,,3,5,1.0,4,0,3,10.5,Pass,Person_431,3535887265.0,Taurus,Red,Gardening
REC00432,F,21.0,3.3,3.3,0,2.0,no,no,2,1,3.0,3,2,4,13.0,Pass,Person_432,3401156032.0,Aquarius,Gray,Cooking
REC00433,M,17.0,10.1,10.1,0,2.0,yes,yes,1,3,5.0,3,1,1,16.2,Pass,Person_433,3500540015.0,Pisces,Orange,Cooking
REC00434,F,15.0,9.8,9.8,0,0.0,yes,no,3,2,4.0,1,3,3,13.8,Pass,Person_434,3913751556.0,Aquarius,Pink,Gaming
REC00435,F,21.0,10.9,10.9,0,1.0,yes,no,5,1,,1,0,1,14.5,Pass,Person_435,3473977359.0,Libra,Purple,Music
REC00436,F,21.0,2.8,2.8,0,1.0,yes,yes,5,5,3.0,4,1,1,12.7,Pass,Person_436,3307960079.0,Sagittarius,Blue,Sports
REC00437,M,21.0,8.6,8.6,0,9.0,no,yes,1,5,1.0,4,2,3,13.6,Pass,Person_437,3730500234.0,Leo,Orange,Reading
REC00438,M,19.0,8.4,8.4,0,2.0,no,yes,1,1,,2,3,3,8.6,Fail,Person_438,3011403205.0,Sagittarius,White,Sports
REC00439,M,22.0,9.1,9.1,0,4.0,no,,2,1,5.0,1,0,4,14.1,Pass,Person_439,3651313412.0,Gemini,Gray,Gardening
REC00440,M,19.0,9.3,9.3,2,0.0,yes,no,2,1,4.0,0,3,3,12.3,Pass,Person_440,3372969097.0,Aries,White,Reading
REC00441,M,22.0,7.4,7.4,1,0.0,no,yes,1,5,4.0,4,4,4,11.5,Pass,Person_441,3764986449.0,Pisces,Black,Sports
REC00442,M,20.0,,6.0,2,2.0,no,no,2,5,4.0,0,2,2,8.6,Fail,Person_442,3960804997.0,Capricorn,Purple,Gaming
REC00443,M,22.0,15.0,15.0,0,200.0,yes,yes,3,1,1.0,2,0,1,14.3,Pass,Person_443,3390396454.0,Pisces,Red,Photography
REC00444,M,21.0,8.3,8.3,1,2.0,yes,yes,3,1,2.0,2,0,3,11.6,Pass,Person_444,3385780621.0,Libra,Yellow,Travel
REC00445,F,17.0,16.8,16.8,1,3.0,no,yes,3,4,4.0,4,2,4,15.5,Pass,Person_445,3104631680.0,Taurus,Pink,Reading
REC00446,M,21.0,3.8,3.8,0,1.0,no,no,5,4,5.0,0,2,4,9.2,Fail,Person_446,3472325044.0,Capricorn,White,Travel
REC00447,M,17.0,7.1,7.1,0,4.0,yes,yes,1,5,2.0,2,1,4,10.3,Pass,Person_447,3134991324.0,Leo,Green,Music
REC00448,M,20.0,,6.5,0,1.0,no,yes,5,3,,2,2,1,10.8,Pass,Person_448,3489584211.0,Aquarius,Yellow,Photography
REC00449,F,22.0,6.5,6.5,0,4.0,yes,yes,1,3,4.0,2,1,1,14.7,Pass,Person_449,3212302336.0,Virgo,Green,Cooking
REC00450,M,16.0,12.6,12.6,0,1.0,no,no,3,3,1.0,2,0,4,15.1,Pass,Person_450,3575190992.0,Aries,Blue,Sports
REC00451,F,22.0,,13.4,0,1.0,yes,yes,4,1,2.0,0,2,4,13.2,Pass,Person_451,3914038182.0,Sagittarius,Green,Cooking
REC00452,M,20.0,0.3,0.3,1,0.0,yes,yes,3,5,2.0,4,2,3,10.3,Pass,Person_452,3703924315.0,Libra,Purple,Music
REC00453,F,21.0,12.0,12.0,0,1.0,no,yes,4,2,3.0,1,4,2,13.9,Pass,Person_453,3788434391.0,Scorpio,Orange,Cooking
REC00454,F,20.0,16.4,16.4,0,,yes,yes,4,3,2.0,4,1,3,15.8,Pass,Person_454,3865385025.0,Aries,Pink,Hiking
REC00455,M,16.0,4.0,4.0,2,5.0,yes,yes,3,4,4.0,2,4,2,10.3,Pass,Person_455,3782993694.0,Sagittarius,Gray,Photography
REC00456,M,17.0,4.0,4.0,3,,yes,yes,5,5,1.0,2,3,4,6.4,Fail,Person_456,3449078194.0,Scorpio,Orange,Travel
REC00457,M,21.0,8.2,8.2,0,12.0,no,no,4,4,1.0,1,1,1,15.1,Pass,Person_457,3159496099.0,Scorpio,Green,Music
REC00458,M,22.0,8.9,8.9,0,3.0,no,no,5,2,1.0,3,0,2,16.5,Pass,Person_458,3942012987.0,Scorpio,Pink,Reading
REC00459,M,22.0,9.2,9.2,0,1.0,yes,yes,3,2,3.0,1,4,2,12.6,Pass,Person_459,3556292959.0,Libra,Green,Reading
REC00460,M,16.0,10.8,10.8,1,6.0,yes,yes,3,3,4.0,0,1,2,11.7,Pass,Person_460,3302089102.0,Aries,Purple,Cinema
REC00461,M,21.0,4.0,4.0,0,4.0,yes,yes,3,1,4.0,4,4,1,8.6,Fail,Person_461,3372119457.0,Libra,Blue,Gaming
REC00462,F,22.0,7.3,7.3,0,7.0,yes,no,4,2,4.0,1,2,2,11.6,Pass,Person_462,3569811108.0,Libra,Yellow,Hiking
REC00463,M,15.0,,11.2,0,,no,yes,4,2,5.0,0,3,3,15.4,Pass,Person_463,3782928873.0,Gemini,Gray,Cooking
REC00464,F,22.0,3.5,3.5,2,4.0,no,yes,2,1,5.0,4,2,1,7.6,Fail,Person_464,3684873550.0,Sagittarius,Black,Music
REC00465,F,19.0,10.1,10.1,0,0.0,no,yes,4,4,3.0,0,2,1,13.3,Pass,Person_465,3019082899.0,Scorpio,Black,Travel
REC00466,F,20.0,7.1,7.1,1,1.0,no,yes,2,3,,1,3,1,13.6,Pass,Person_466,3236438829.0,Virgo,Pink,Cooking
REC00467,F,22.0,9.5,9.5,0,2.0,yes,yes,4,5,4.0,1,4,1,11.3,Pass,Person_467,3882449815.0,Pisces,Yellow,Gaming
REC00468,M,22.0,12.8,12.8,1,5.0,yes,no,4,5,5.0,0,0,3,11.4,Pass,Person_468,3365179334.0,Aries,Green,Hiking
REC00469,F,20.0,7.5,7.5,3,1.0,yes,yes,3,3,4.0,1,3,3,7.9,Fail,Person_469,3202313200.0,Capricorn,Pink,Cooking
REC00470,M,19.0,7.1,7.1,0,6.0,no,no,1,2,5.0,2,4,3,11.2,Pass,Person_470,3826052302.0,Taurus,White,Cooking
REC00471,M,20.0,4.1,4.1,0,11.0,yes,yes,1,4,,0,1,1,7.8,Fail,Person_471,3020766047.0,Leo,Gray,Photography
REC00472,F,20.0,10.3,10.3,0,12.0,yes,yes,4,4,,0,1,4,14.8,Pass,Person_472,3002538535.0,Leo,Pink,Sports
REC00473,M,20.0,7.6,7.6,0,11.0,yes,yes,3,1,2.0,2,2,1,11.2,Pass,Person_473,3012795056.0,Pisces,Pink,Gaming
REC00474,M,20.0,6.7,6.7,0,2.0,yes,yes,2,2,1.0,2,0,3,16.0,Pass,Person_474,3112819372.0,Libra,Black,Music
REC00475,M,18.0,6.8,6.8,0,0.0,yes,yes,3,1,5.0,1,0,3,13.4,Pass,Person_475,3880225203.0,Sagittarius,Red,Photography
REC00476,M,22.0,0.0,0.0,0,4.0,yes,yes,5,5,5.0,0,4,1,5.6,Fail,Person_476,3874018094.0,Gemini,Pink,Cooking
REC00477,F,22.0,10.1,10.1,0,5.0,no,yes,2,4,1.0,2,0,4,15.7,Pass,Person_477,3996228995.0,Cancer,Gray,Hiking
REC00478,M,17.0,8.4,8.4,0,0.0,yes,yes,3,2,2.0,1,3,1,14.0,Pass,Person_478,3563425304.0,Aquarius,Black,Cinema
REC00479,M,22.0,14.1,14.1,1,1.0,no,yes,1,3,2.0,0,1,1,13.6,Pass,Person_479,3197267902.0,Virgo,Yellow,Sports
REC00480,M,21.0,13.7,13.7,2,5.0,yes,no,1,4,5.0,0,1,2,10.4,Pass,Person_480,3839080460.0,Capricorn,Yellow,Gaming
REC00481,M,18.0,7.7,7.7,3,1.0,yes,yes,5,1,5.0,4,4,2,5.4,Fail,Person_481,3837315398.0,Libra,Blue,Gaming
REC00482,M,16.0,9.0,9.0,0,1.0,yes,yes,2,3,,3,0,2,15.5,Pass,Person_482,3738246221.0,Taurus,Purple,Sports
REC00483,F,22.0,1.6,1.6,0,,no,yes,3,1,5.0,2,2,1,10.8,Pass,Person_483,3254469234.0,Pisces,Blue,Cooking
REC00484,F,22.0,3.6,3.6,0,6.0,yes,yes,1,4,2.0,0,3,2,10.2,Pass,Person_484,3695733656.0,Cancer,White,Hiking
REC00485,M,15.0,10.6,10.6,0,5.0,yes,yes,4,4,,2,2,1,13.8,Pass,Person_485,3773167562.0,Aries,Black,Sports
REC00486,F,22.0,8.2,8.2,1,1.0,no,yes,1,4,5.0,2,0,1,12.9,Pass,Person_486,3143929696.0,Sagittarius,Black,Hiking
REC00487,M,22.0,8.4,8.4,0,19.0,no,yes,3,1,1.0,0,0,4,11.1,Pass,Person_487,3850791570.0,Libra,White,Hiking
REC00488,M,17.0,13.3,13.3,0,4.0,yes,yes,5,1,3.0,2,0,4,18.3,Pass,Person_488,3197452253.0,Aquarius,Gray,Photography
REC00489,M,16.0,8.7,8.7,0,2.0,no,yes,1,1,3.0,2,0,3,15.2,Pass,Person_489,3099287054.0,Gemini,Yellow,Music
REC00490,M,19.0,10.3,10.3,0,18.0,yes,yes,1,1,4.0,4,1,4,11.1,Pass,Person_490,3222299308.0,Capricorn,Green,Cinema
REC00491,F,22.0,10.9,10.9,0,1.0,no,yes,4,5,1.0,0,4,2,15.3,Pass,Person_491,3502667252.0,Cancer,Pink,Sports
REC00492,M,20.0,5.7,5.7,0,0.0,no,no,1,4,4.0,4,0,4,13.7,Pass,Person_492,3790449774.0,Leo,Pink,Gaming
REC00493,M,20.0,15.3,15.3,0,3.0,yes,no,4,1,1.0,4,1,3,15.8,Pass,Person_493,3447368156.0,Aquarius,Purple,Hiking
REC00494,F,18.0,13.2,13.2,3,5.0,yes,no,1,2,3.0,2,4,3,11.2,Pass,Person_494,3656172404.0,Cancer,Pink,Reading
REC00495,F,19.0,7.0,7.0,3,7.0,yes,,4,5,2.0,1,4,3,7.6,Fail,Person_495,3978267774.0,Scorpio,Gray,Cooking
REC00496,M,17.0,14.7,14.7,1,9.0,yes,yes,2,1,5.0,1,1,3,12.0,Pass,Person_496,3721355374.0,Gemini,Blue,Gardening
REC00497,M,18.0,6.4,6.4,0,1.0,yes,yes,2,5,1.0,3,2,2,14.7,Pass,Person_497,3673040558.0,Capricorn,Red,Music
REC00498,F,15.0,11.3,11.3,0,,no,no,2,2,2.0,1,0,4,14.8,Pass,Person_498,3015784274.0,Capricorn,Red,Reading
REC00499,M,22.0,,3.7,0,0.0,no,,2,2,4.0,1,3,3,11.6,Pass,Person_499,3590063983.0,Aquarius,Pink,Cinema
REC00500,F,18.0,12.6,12.6,0,4.0,no,,5,5,4.0,4,4,4,14.0,Pass,Person_500,3464709272.0,Virgo,Blue,Sports
REC00501,M,17.0,,5.7,0,1.0,no,yes,3,5,3.0,4,1,2,11.3,Pass,Person_501,3682830899.0,Sagittarius,Yellow,Cooking
REC00502,M,18.0,4.1,4.1,1,,no,yes,3,1,2.0,2,4,3,12.4,Pass,Person_502,3655440324.0,Virgo,Red,Reading
REC00503,F,18.0,8.5,8.5,1,4.0,yes,,2,1,2.0,1,1,3,15.0,Pass,Person_503,3590885830.0,Cancer,Gray,Hiking
REC00504,F,20.0,6.2,6.2,0,4.0,no,no,5,1,1.0,1,4,4,13.6,Pass,Person_504,3211367089.0,Libra,Orange,Sports
REC00505,M,21.0,8.8,8.8,1,8.0,no,yes,1,3,3.0,1,2,2,6.7,Fail,Person_505,3644990080.0,Aquarius,Gray,Reading
REC00506,M,18.0,4.4,4.4,0,1.0,yes,yes,4,2,4.0,4,2,3,16.6,Pass,Person_506,3837075520.0,Gemini,White,Cooking
REC00507,F,18.0,3.7,3.7,0,1.0,no,yes,1,5,4.0,2,1,3,11.5,Pass,Person_507,3441509096.0,Sagittarius,Pink,Photography
REC00508,F,17.0,6.6,6.6,0,0.0,yes,no,5,3,3.0,3,0,1,13.3,Pass,Person_508,3715306935.0,Leo,Blue,Music
REC00509,F,18.0,1.4,1.4,0,,no,yes,5,1,4.0,2,0,2,11.5,Pass,Person_509,3257020740.0,Libra,Red,Gardening
REC00510,M,22.0,,4.2,0,2.0,yes,yes,4,1,4.0,0,4,4,9.7,Fail,Person_510,3827761708.0,Cancer,Yellow,Hiking
REC00511,F,18.0,10.4,10.4,1,2.0,yes,yes,1,2,3.0,1,1,4,13.3,Pass,Person_511,3303220754.0,Taurus,Purple,Music
REC00512,M,16.0,10.0,10.0,0,1.0,yes,yes,3,1,1.0,0,3,4,14.5,Pass,Person_512,3721906641.0,Sagittarius,Orange,Reading
REC00513,M,17.0,8.1,8.1,0,6.0,yes,no,3,3,1.0,2,4,3,15.2,Pass,Person_513,3076770527.0,Leo,Orange,Photography
REC00514,M,22.0,7.0,7.0,2,3.0,no,yes,3,2,1.0,3,0,3,8.6,Fail,Person_514,3485657098.0,Leo,Black,Cinema
REC00515,M,18.0,9.5,9.5,1,2.0,yes,yes,2,5,3.0,4,4,4,13.8,Pass,Person_515,3055243191.0,Leo,Red,Music
REC00516,F,17.0,6.4,6.4,0,20.0,no,no,3,1,2.0,0,0,1,10.6,Pass,Person_516,3934839604.0,Sagittarius,Pink,Sports
REC00517,M,20.0,6.2,6.2,1,7.0,yes,no,1,4,3.0,0,4,4,11.7,Pass,Person_517,3597236564.0,Scorpio,Orange,Gardening
REC00518,M,16.0,9.3,9.3,1,5.0,yes,yes,3,3,1.0,0,1,4,12.5,Pass,Person_518,3775795011.0,Aries,Red,Hiking
REC00519,F,17.0,11.3,11.3,0,5.0,yes,no,5,4,2.0,2,3,2,14.7,Pass,Person_519,3634670973.0,Leo,Orange,Gardening
REC00520,M,15.0,1.5,1.5,0,6.0,yes,,4,4,4.0,4,1,3,13.2,Pass,Person_520,3542251830.0,Gemini,Gray,Gaming
REC00521,F,20.0,11.2,11.2,0,9.0,no,yes,5,2,2.0,0,1,3,11.2,Pass,Person_521,3513120266.0,Taurus,Blue,Travel
REC00522,M,22.0,5.9,5.9,0,1.0,no,yes,2,4,3.0,2,0,4,14.2,Pass,Person_522,3769988080.0,Pisces,Yellow,Cooking
REC00523,M,20.0,10.8,10.8,0,3.0,yes,no,4,1,2.0,2,4,4,15.1,Pass,Person_523,3830374338.0,Aries,Blue,Music
REC00524,M,16.0,10.3,10.3,0,4.0,no,no,3,2,5.0,4,3,4,16.4,Pass,Person_524,3258956570.0,Taurus,Black,Cinema
REC00525,M,22.0,4.7,4.7,2,3.0,yes,yes,5,5,1.0,4,0,3,10.1,Pass,Person_525,3996454101.0,Leo,White,Cooking
REC00526,F,17.0,,5.4,3,7.0,yes,yes,2,5,5.0,3,0,2,9.3,Fail,Person_526,3428358896.0,Scorpio,Pink,Hiking
REC00527,M,21.0,2.9,2.9,0,3.0,no,yes,2,4,1.0,1,2,3,11.4,Pass,Person_527,3527077403.0,Virgo,Green,Cooking
REC00528,M,19.0,2.2,2.2,1,6.0,no,yes,2,3,4.0,3,2,1,11.2,Pass,Person_528,3556849018.0,Pisces,Blue,Sports
REC00529,M,18.0,8.5,8.5,3,11.0,yes,yes,3,3,2.0,1,3,2,8.5,Fail,Person_529,3753037359.0,Capricorn,Yellow,Photography
REC00530,M,20.0,15.2,15.2,0,9.0,yes,,5,5,2.0,3,2,1,14.5,Pass,Person_530,3937628471.0,Cancer,White,Reading
REC00531,F,22.0,15.8,15.8,1,,no,yes,4,3,3.0,3,2,4,15.2,Pass,Person_531,3697331111.0,Sagittarius,White,Gaming
REC00532,F,19.0,7.4,7.4,0,1.0,yes,yes,2,1,1.0,2,4,4,15.3,Pass,Person_532,3774115759.0,Aquarius,Red,Reading
REC00533,M,17.0,7.4,7.4,1,4.0,no,yes,1,2,3.0,4,4,4,10.7,Pass,Person_533,3285560159.0,Scorpio,Gray,Cooking
REC00534,M,17.0,6.9,6.9,2,3.0,yes,yes,2,4,4.0,3,3,1,11.6,Pass,Person_534,3096949393.0,Pisces,Gray,Reading
REC00535,M,21.0,0.3,0.3,2,12.0,yes,yes,5,3,5.0,2,0,2,8.1,Fail,Person_535,3199453762.0,Gemini,Pink,Cinema
REC00536,M,22.0,6.2,6.2,1,3.0,no,yes,1,5,4.0,0,0,2,11.9,Pass,Person_536,3599931795.0,Capricorn,Black,Music
REC00537,M,16.0,0.0,0.0,0,3.0,yes,no,1,1,4.0,1,2,3,12.8,Pass,Person_537,3242240905.0,Pisces,Green,Gaming
REC00538,M,18.0,,12.6,0,1.0,yes,yes,3,3,,3,4,2,15.7,Pass,Person_538,3687438190.0,Taurus,Gray,Gaming
REC00539,M,19.0,6.5,6.5,0,0.0,no,no,2,4,3.0,0,1,4,11.3,Pass,Person_539,3551820323.0,Scorpio,Purple,Gardening
REC00540,M,15.0,7.3,7.3,2,1.0,yes,yes,3,2,5.0,2,2,3,12.3,Pass,Person_540,3238127161.0,Aries,Black,Cooking
REC00541,M,15.0,4.6,4.6,0,0.0,yes,yes,1,2,1.0,4,3,2,15.3,Pass,Person_541,3287282093.0,Aries,Red,Gaming
REC00542,F,22.0,3.6,3.6,0,9.0,yes,yes,5,5,1.0,1,0,4,13.4,Pass,Person_542,3665204357.0,Leo,Yellow,Cooking
REC00543,F,21.0,10.6,10.6,2,1.0,yes,yes,1,3,2.0,4,3,3,14.1,Pass,Person_543,3020967464.0,Virgo,Pink,Gaming
REC00544,M,19.0,4.9,4.9,0,1.0,yes,yes,1,2,,0,2,1,13.5,Pass,Person_544,3114505074.0,Sagittarius,Red,Hiking
REC00545,F,19.0,,11.5,1,2.0,yes,yes,2,2,5.0,3,3,3,13.2,Pass,Person_545,3024710593.0,Libra,Yellow,Sports
REC00546,F,15.0,9.1,9.1,0,5.0,no,no,4,1,4.0,1,2,1,15.4,Pass,Person_546,3836688120.0,Aries,Blue,Photography
REC00547,F,22.0,,5.9,0,8.0,no,yes,4,5,4.0,2,3,2,14.2,Pass,Person_547,3823153386.0,Leo,Yellow,Sports
REC00548,F,17.0,6.1,6.1,0,1.0,no,yes,3,4,4.0,0,4,4,12.1,Pass,Person_548,3113790311.0,Libra,Black,Hiking
REC00549,M,17.0,9.2,9.2,0,1.0,no,,3,4,5.0,2,4,3,14.3,Pass,Person_549,3862186888.0,Gemini,Purple,Cooking
REC00550,M,16.0,11.8,11.8,0,1.0,no,yes,3,1,2.0,4,4,2,15.3,Pass,Person_550,3721224431.0,Sagittarius,Black,Cooking
REC00551,F,15.0,10.1,10.1,1,,yes,yes,3,1,2.0,2,3,2,13.5,Pass,Person_551,3510665324.0,Capricorn,Purple,Hiking
REC00552,M,17.0,2.0,2.0,0,8.0,no,yes,2,4,,2,3,1,11.4,Pass,Person_552,3330005529.0,Gemini,Blue,Reading
REC00553,F,16.0,12.1,12.1,0,2.0,yes,no,1,5,2.0,2,2,4,16.6,Pass,Person_553,3867744657.0,Leo,Red,Gardening
REC00554,M,21.0,0.0,0.0,0,1.0,no,yes,2,3,,0,3,2,12.0,Pass,Person_554,3625315841.0,Gemini,Red,Cooking
REC00555,M,16.0,0.1,0.1,3,2.0,yes,yes,4,4,5.0,4,0,1,3.0,Fail,Person_555,3216889468.0,Scorpio,Black,Sports
REC00556,M,19.0,9.6,9.6,1,7.0,no,no,4,2,5.0,0,2,1,10.8,Pass,Person_556,3776852949.0,Libra,Green,Cinema
REC00557,F,17.0,8.0,8.0,0,8.0,no,yes,2,4,4.0,3,0,1,10.3,Pass,Person_557,3385215354.0,Aries,Yellow,Photography
REC00558,M,22.0,7.5,7.5,0,9.0,no,yes,2,1,,3,2,1,8.4,Fail,Person_558,3756323462.0,Sagittarius,Blue,Sports
REC00559,M,16.0,6.7,6.7,2,3.0,no,no,5,3,1.0,1,2,3,6.7,Fail,Person_559,3068063997.0,Taurus,Orange,Gardening
REC00560,M,16.0,7.1,7.1,2,2.0,yes,yes,1,2,,2,0,4,11.8,Pass,Person_560,3199196274.0,Leo,Red,Sports
REC00561,F,21.0,5.0,5.0,1,2.0,no,yes,2,1,4.0,1,2,1,11.2,Pass,Person_561,3797282201.0,Scorpio,Pink,Hiking
REC00562,M,16.0,9.5,9.5,2,7.0,no,yes,2,5,5.0,4,1,2,11.0,Pass,Person_562,3924823180.0,Leo,Green,Reading
REC00563,F,20.0,13.3,13.3,3,13.0,no,,2,3,1.0,2,0,4,8.4,Fail,Person_563,3238242521.0,Aries,Pink,Gardening
REC00564,M,22.0,9.6,9.6,3,1.0,no,yes,4,4,,0,3,4,7.3,Fail,Person_564,3994366655.0,Virgo,White,Cooking
REC00565,M,17.0,6.0,6.0,0,2.0,no,no,1,5,2.0,3,1,2,13.5,Pass,Person_565,3342648290.0,Virgo,Blue,Sports
REC00566,M,19.0,12.3,12.3,0,3.0,yes,yes,4,2,2.0,4,0,4,12.7,Pass,Person_566,3610987799.0,Aries,Red,Sports
REC00567,M,18.0,6.6,6.6,0,4.0,no,no,5,5,2.0,4,4,1,12.0,Pass,Person_567,3207562720.0,Virgo,Pink,Sports
REC00568,M,22.0,5.9,5.9,1,,no,,5,1,5.0,4,1,1,10.8,Pass,Person_568,3534949249.0,Capricorn,Black,Reading
REC00569,M,16.0,12.6,12.6,1,,yes,yes,4,2,2.0,1,2,4,13.3,Pass,Person_569,3766604764.0,Taurus,White,Cinema
REC00570,M,20.0,3.2,3.2,0,2.0,yes,yes,5,4,2.0,1,0,1,10.3,Pass,Person_570,3624344017.0,Taurus,Black,Sports
REC00571,M,19.0,3.0,3.0,0,1.0,yes,yes,1,3,,1,4,3,10.6,Pass,Person_571,3746202318.0,Libra,Gray,Travel
REC00572,F,15.0,13.3,13.3,0,3.0,no,yes,3,4,2.0,3,4,1,15.9,Pass,Person_572,3035892178.0,Cancer,Red,Travel
REC00573,M,21.0,1.4,1.4,0,4.0,yes,yes,4,3,5.0,2,3,4,8.7,Fail,Person_573,3793605223.0,Pisces,Gray,Cinema
REC00574,M,16.0,5.8,5.8,0,3.0,no,yes,3,5,5.0,4,3,1,13.5,Pass,Person_574,3752963874.0,Aquarius,Red,Music
REC00575,F,16.0,0.5,0.5,0,2.0,yes,yes,3,4,4.0,1,4,3,9.2,Fail,Person_575,3504156698.0,Leo,Yellow,Hiking
REC00576,M,21.0,6.9,6.9,0,9.0,no,no,3,4,5.0,2,2,2,13.9,Pass,Person_576,3264460168.0,Taurus,Black,Reading
REC00577,F,16.0,7.9,7.9,0,3.0,no,yes,1,5,,3,0,2,15.6,Pass,Person_577,3538579708.0,Taurus,Green,Cinema
REC00578,M,17.0,1.4,1.4,0,4.0,yes,no,5,4,2.0,4,3,4,12.5,Pass,Person_578,3925752429.0,Aquarius,Black,Gardening
REC00579,F,16.0,10.8,10.8,1,,yes,yes,1,5,3.0,1,4,2,13.5,Pass,Person_579,3052534649.0,Cancer,Red,Sports
REC00580,F,19.0,3.6,3.6,0,5.0,yes,yes,2,1,5.0,1,4,2,14.0,Pass,Person_580,3125849420.0,Pisces,White,Cooking
REC00581,F,19.0,7.5,7.5,0,13.0,no,yes,4,5,5.0,3,4,3,13.8,Pass,Person_581,3142814969.0,Sagittarius,Orange,Photography
REC00582,M,18.0,10.5,10.5,0,1.0,yes,yes,1,4,5.0,4,1,2,17.1,Pass,Person_582,3125811852.0,Aquarius,Yellow,Sports
REC00583,F,17.0,9.5,9.5,0,0.0,yes,no,3,1,5.0,0,1,2,18.1,Pass,Person_583,3930008789.0,Capricorn,White,Cooking
REC00584,F,22.0,12.1,12.1,2,4.0,yes,,5,3,3.0,2,3,3,12.9,Pass,Person_584,3480525578.0,Taurus,White,Gaming
REC00585,M,18.0,11.7,11.7,0,4.0,yes,yes,3,1,2.0,2,0,4,15.3,Pass,Person_585,3059423308.0,Leo,Pink,Music
REC00586,M,17.0,11.2,11.2,0,1.0,yes,yes,3,3,4.0,1,1,3,16.6,Pass,Person_586,3955116465.0,Sagittarius,Yellow,Music
REC00587,M,21.0,14.6,14.6,0,,yes,yes,2,5,,0,1,4,19.0,Pass,Person_587,3278769438.0,Pisces,Yellow,Photography
REC00588,F,21.0,7.9,7.9,0,3.0,yes,yes,4,1,1.0,1,4,2,12.5,Pass,Person_588,3526742050.0,Taurus,Black,Hiking
REC00589,M,19.0,12.4,12.4,0,2.0,yes,no,4,3,5.0,0,4,4,17.3,Pass,Person_589,3968562240.0,Taurus,Gray,Gaming
REC00590,M,18.0,7.1,7.1,0,4.0,yes,yes,3,3,4.0,0,4,4,10.3,Pass,Person_590,3876486963.0,Aries,Blue,Music
REC00591,F,17.0,1.8,1.8,0,8.0,no,no,1,1,5.0,2,3,4,9.1,Fail,Person_591,3472053179.0,Leo,Pink,Sports
REC00592,M,15.0,0.5,0.5,1,5.0,yes,yes,5,2,2.0,0,3,1,7.5,Fail,Person_592,3299764026.0,Aries,Orange,Hiking
REC00593,M,20.0,5.7,5.7,0,3.0,yes,no,4,4,3.0,4,3,2,16.4,Pass,Person_593,3707777573.0,Leo,Red,Cooking
REC00594,F,19.0,1.6,1.6,0,2.0,yes,no,4,5,2.0,3,1,2,8.9,Fail,Person_594,3543795126.0,Leo,Orange,Cinema
REC00595,M,17.0,12.1,12.1,0,,yes,yes,4,3,4.0,1,0,2,14.7,Pass,Person_595,3904283508.0,Pisces,Green,Travel
REC00596,F,22.0,9.1,9.1,0,1.0,yes,yes,4,3,1.0,4,2,1,15.7,Pass,Person_596,3223624484.0,Leo,Red,Hiking
REC00597,M,21.0,6.1,6.1,0,1.0,no,yes,2,4,2.0,1,2,3,10.6,Pass,Person_597,3277927325.0,Cancer,Blue,Gardening
REC00598,F,21.0,11.5,11.5,0,0.0,yes,no,5,2,5.0,2,3,4,13.7,Pass,Person_598,3017039779.0,Cancer,Yellow,Cinema
REC00599,F,22.0,6.8,6.8,0,0.0,yes,yes,2,1,2.0,1,3,4,15.0,Pass,Person_599,3388333273.0,Libra,Green,Travel
REC00600,F,20.0,6.5,6.5,0,1.0,no,yes,5,1,1.0,1,0,2,15.4,Pass,Person_600,3559456005.0,Scorpio,Pink,Reading
REC00601,M,15.0,15.2,15.2,0,1.0,yes,yes,3,5,3.0,2,0,2,16.3,Pass,Person_601,3911535640.0,Aquarius,Orange,Gardening
REC00602,F,22.0,9.4,9.4,0,2.0,yes,no,3,3,2.0,4,3,3,15.9,Pass,Person_602,3598787928.0,Virgo,Yellow,Sports
REC00603,F,20.0,11.8,11.8,0,1.0,yes,no,4,5,2.0,2,1,4,13.5,Pass,Person_603,3693677455.0,Sagittarius,Pink,Music
REC00604,M,22.0,5.3,5.3,0,4.0,yes,yes,4,3,1.0,1,3,1,10.1,Pass,Person_604,3653432820.0,Sagittarius,Gray,Photography
REC00605,F,18.0,6.1,6.1,0,2.0,no,yes,5,2,2.0,4,0,4,14.7,Pass,Person_605,3865204884.0,Cancer,Yellow,Gardening
REC00606,M,21.0,,4.9,2,0.0,yes,yes,1,4,1.0,0,3,4,6.7,Fail,Person_606,3252070222.0,Libra,Red,Hiking
REC00607,M,22.0,6.9,6.9,0,1.0,no,yes,4,4,4.0,4,1,2,13.7,Pass,Person_607,3815479821.0,Gemini,Green,Gardening
REC00608,M,17.0,13.9,13.9,2,8.0,yes,no,2,5,3.0,0,4,2,11.8,Pass,Person_608,3119999135.0,Cancer,Gray,Cinema
REC00609,F,21.0,3.3,3.3,0,3.0,yes,yes,3,3,,3,3,4,11.6,Pass,Person_609,3340601950.0,Cancer,Green,Music
REC00610,M,21.0,15.6,15.6,0,2.0,yes,yes,1,5,5.0,3,1,1,15.6,Pass,Person_610,3626329500.0,Gemini,Orange,Hiking
REC00611,F,20.0,7.5,7.5,1,,yes,yes,2,5,,0,3,2,13.1,Pass,Person_611,3520759152.0,Pisces,Purple,Sports
REC00612,F,20.0,11.7,11.7,2,,yes,no,1,3,2.0,0,0,2,13.8,Pass,Person_612,3624195396.0,Sagittarius,Pink,Photography
REC00613,M,18.0,14.8,14.8,1,,no,yes,1,4,4.0,3,3,1,15.0,Pass,Person_613,3956137398.0,Aries,White,Cooking
REC00614,M,21.0,8.7,8.7,3,3.0,yes,yes,4,5,5.0,3,3,1,7.4,Fail,Person_614,3256305315.0,Aries,Black,Reading
REC00615,F,20.0,8.9,8.9,0,6.0,no,yes,4,4,2.0,2,2,1,14.0,Pass,Person_615,3210563987.0,Aries,Black,Travel
REC00616,M,18.0,4.6,4.6,0,,yes,no,3,2,5.0,3,2,2,12.7,Pass,Person_616,3140771945.0,Gemini,Orange,Photography
REC00617,F,22.0,10.5,10.5,0,2.0,yes,no,1,4,5.0,1,1,1,16.1,Pass,Person_617,3707837029.0,Taurus,Pink,Cooking
REC00618,M,16.0,14.5,14.5,0,9.0,no,yes,3,4,1.0,3,4,4,16.5,Pass,Person_618,3254262007.0,Gemini,Black,Reading
REC00619,M,15.0,7.3,7.3,0,2.0,yes,yes,2,5,2.0,4,0,1,13.3,Pass,Person_619,3794921250.0,Taurus,Orange,Reading
REC00620,M,15.0,7.6,7.6,0,8.0,yes,yes,1,2,2.0,3,1,1,12.3,Pass,Person_620,3197588995.0,Pisces,Gray,Cinema
REC00621,M,19.0,1.9,1.9,0,1.0,yes,yes,5,5,4.0,1,3,2,13.2,Pass,Person_621,3992272414.0,Gemini,Pink,Gardening
REC00622,M,17.0,8.3,8.3,0,4.0,no,yes,5,5,,0,2,3,8.9,Fail,Person_622,3537896456.0,Pisces,Pink,Sports
REC00623,F,21.0,5.1,5.1,0,3.0,no,yes,3,4,3.0,4,3,4,12.0,Pass,Person_623,3973794545.0,Virgo,Purple,Gardening
REC00624,F,21.0,2.4,2.4,0,2.0,yes,yes,3,1,5.0,0,2,1,9.3,Fail,Person_624,3205180723.0,Gemini,Red,Photography
REC00625,F,22.0,9.4,9.4,0,5.0,yes,yes,2,3,4.0,0,1,1,15.1,Pass,Person_625,3282756184.0,Leo,Green,Photography
REC00626,F,15.0,13.5,13.5,1,7.0,yes,yes,3,3,3.0,0,4,3,17.3,Pass,Person_626,3147796969.0,Leo,Black,Cooking
REC00627,F,15.0,,0.0,0,9.0,no,yes,5,5,3.0,3,3,2,9.3,Fail,Person_627,3737694858.0,Sagittarius,Green,Sports
REC00628,M,21.0,,10.3,0,4.0,yes,yes,3,1,1.0,0,3,1,12.8,Pass,Person_628,3328689628.0,Sagittarius,Blue,Hiking
REC00629,M,22.0,,11.1,0,3.0,no,yes,1,4,3.0,4,1,2,13.8,Pass,Person_629,3563351003.0,Pisces,White,Travel
REC00630,M,19.0,14.2,14.2,0,1.0,yes,no,5,4,1.0,1,4,1,18.4,Pass,Person_630,3110338306.0,Gemini,Black,Photography
REC00631,M,20.0,8.7,8.7,0,,no,yes,4,5,4.0,4,3,2,13.6,Pass,Person_631,3372630136.0,Cancer,Orange,Travel
REC00632,M,15.0,12.4,12.4,0,3.0,no,,1,2,3.0,4,4,3,15.0,Pass,Person_632,3099563431.0,Pisces,Purple,Gardening
REC00633,F,21.0,13.7,13.7,0,14.0,no,yes,4,3,4.0,2,2,4,13.5,Pass,Person_633,3489795773.0,Taurus,Pink,Sports
REC00634,F,17.0,4.9,4.9,0,8.0,no,no,3,5,5.0,4,1,3,10.5,Pass,Person_634,3472307897.0,Scorpio,Yellow,Gaming
REC00635,F,22.0,2.9,2.9,0,2.0,no,yes,3,3,,4,3,2,14.4,Pass,Person_635,3064978168.0,Pisces,Yellow,Gardening
REC00636,F,20.0,5.7,5.7,2,,yes,yes,3,1,3.0,4,1,2,8.3,Fail,Person_636,3272045589.0,Pisces,Yellow,Music
REC00637,M,22.0,0.0,0.0,0,2.0,yes,yes,1,4,3.0,2,0,3,10.8,Pass,Person_637,3030161889.0,Sagittarius,Pink,Gardening
REC00638,F,19.0,12.6,12.6,0,4.0,no,,2,4,2.0,3,0,1,13.8,Pass,Person_638,3629261694.0,Virgo,Gray,Travel
REC00639,M,17.0,5.2,5.2,3,3.0,yes,no,5,5,5.0,2,1,2,6.9,Fail,Person_639,3910801178.0,Pisces,Red,Cooking
REC00640,F,22.0,4.2,4.2,0,0.0,no,yes,1,2,5.0,3,0,4,11.7,Pass,Person_640,3796245602.0,Aries,Blue,Reading
REC00641,F,19.0,8.4,8.4,0,,no,yes,5,2,4.0,4,3,3,13.9,Pass,Person_641,3336511468.0,Leo,Gray,Reading
REC00642,M,18.0,10.0,10.0,0,0.0,yes,yes,1,1,,4,0,2,14.0,Pass,Person_642,3035514112.0,Libra,Yellow,Gardening
REC00643,M,20.0,3.7,3.7,0,-3.0,yes,yes,3,3,5.0,0,4,4,10.1,Pass,Person_643,3944276908.0,Gemini,Blue,Cooking
REC00644,F,20.0,,4.4,0,0.0,yes,yes,3,3,5.0,0,2,1,8.6,Fail,Person_644,3580197433.0,Aquarius,Green,Reading
REC00645,F,80.0,0.0,0.0,1,1.0,yes,yes,3,4,3.0,3,2,4,10.6,Pass,Person_645,3822748764.0,Cancer,Red,Gardening
REC00646,F,20.0,5.6,5.6,1,2.0,yes,,2,5,1.0,2,2,1,12.8,Pass,Person_646,3550138043.0,Leo,White,Sports
REC00647,M,16.0,6.4,6.4,0,8.0,yes,yes,1,1,1.0,0,1,4,12.2,Pass,Person_647,3830205576.0,Gemini,Black,Cinema
REC00648,F,19.0,10.8,10.8,0,12.0,no,no,3,5,2.0,0,2,4,12.7,Pass,Person_648,3949972294.0,Aquarius,Purple,Photography
REC00649,F,22.0,0.4,0.4,1,,no,no,1,5,,1,0,4,7.2,Fail,Person_649,3354680615.0,Aquarius,Green,Travel
REC00650,M,17.0,,6.3,0,11.0,no,no,3,4,1.0,2,1,1,13.0,Pass,Person_650,3170628123.0,Virgo,Orange,Cooking
REC00651,F,21.0,6.7,6.7,0,1.0,yes,yes,3,2,5.0,4,4,2,12.3,Pass,Person_651,3362736380.0,Gemini,Pink,Photography
REC00652,M,19.0,8.7,8.7,0,5.0,yes,no,3,1,3.0,3,1,4,15.2,Pass,Person_652,3156351032.0,Leo,Yellow,Cinema
REC00653,M,20.0,16.0,16.0,0,6.0,no,yes,4,4,3.0,3,4,1,15.4,Pass,Person_653,3913225624.0,Scorpio,Pink,Photography
REC00654,M,15.0,10.7,10.7,0,6.0,yes,yes,3,3,5.0,4,1,4,14.2,Pass,Person_654,3608559411.0,Aries,Red,Sports
REC00655,F,21.0,15.5,15.5,0,3.0,yes,no,1,4,3.0,4,1,4,13.8,Pass,Person_655,3029377590.0,Libra,Blue,Gaming
REC00656,M,22.0,15.9,15.9,0,0.0,yes,yes,3,2,,3,1,3,15.8,Pass,Person_656,3357686704.0,Sagittarius,Green,Music
REC00657,F,22.0,10.7,10.7,0,1.0,no,yes,3,5,,4,0,4,13.6,Pass,Person_657,3500059283.0,Capricorn,Green,Travel
REC00658,F,20.0,2.9,2.9,0,0.0,yes,,2,4,1.0,3,1,4,11.7,Pass,Person_658,3280928571.0,Taurus,Black,Cinema
REC00659,M,18.0,5.4,5.4,0,4.0,yes,yes,3,1,2.0,4,0,4,11.6,Pass,Person_659,3179587302.0,Gemini,Gray,Reading
REC00660,F,16.0,2.8,2.8,0,4.0,no,no,4,4,4.0,1,1,1,12.1,Pass,Person_660,3263499883.0,Capricorn,Black,Cooking
REC00661,F,18.0,8.8,8.8,0,,no,yes,4,3,4.0,3,1,1,12.6,Pass,Person_661,3174513293.0,Leo,Green,Cinema
REC00662,M,15.0,6.9,6.9,0,3.0,yes,yes,1,3,2.0,2,3,3,12.4,Pass,Person_662,3964945516.0,Sagittarius,Blue,Cinema
REC00663,M,17.0,0.0,0.0,1,,no,,3,1,,0,3,1,7.5,Fail,Person_663,3879718840.0,Pisces,Red,Photography
REC00664,F,18.0,9.9,9.9,0,3.0,yes,,3,5,2.0,2,0,1,18.9,Pass,Person_664,3379081531.0,Aquarius,Purple,Cooking
REC00665,F,22.0,11.7,11.7,1,6.0,yes,yes,5,1,2.0,4,4,4,15.2,Pass,Person_665,3814504969.0,Scorpio,Purple,Photography
REC00666,M,19.0,4.7,4.7,0,4.0,no,,4,4,2.0,0,1,2,14.7,Pass,Person_666,3422073813.0,Gemini,Purple,Travel
REC00667,M,15.0,7.7,7.7,1,0.0,yes,,1,5,3.0,4,0,1,12.7,Pass,Person_667,3160508540.0,Cancer,Black,Gardening
REC00668,M,19.0,12.6,12.6,3,3.0,yes,yes,4,2,4.0,2,0,4,10.0,Fail,Person_668,3501776640.0,Aries,Blue,Hiking
REC00669,M,20.0,8.0,8.0,1,2.0,yes,yes,5,5,3.0,3,2,1,8.2,Fail,Person_669,3099630452.0,Libra,Purple,Sports
REC00670,F,21.0,9.1,9.1,0,5.0,yes,yes,5,3,,0,0,4,9.6,Fail,Person_670,3795572610.0,Sagittarius,Blue,Sports
REC00671,F,21.0,10.6,10.6,0,0.0,no,no,2,5,4.0,4,2,1,15.8,Pass,Person_671,3598683269.0,Capricorn,Pink,Gaming
REC00672,F,20.0,7.5,7.5,1,12.0,no,yes,3,5,4.0,0,3,4,8.7,Fail,Person_672,3256391568.0,Capricorn,Black,Cinema
REC00673,F,17.0,8.1,8.1,0,3.0,yes,no,5,5,3.0,3,4,3,14.9,Pass,Person_673,3088404455.0,Gemini,Purple,Music
REC00674,F,19.0,16.4,16.4,0,,yes,no,3,2,1.0,2,1,3,14.5,Pass,Person_674,3362058551.0,Taurus,Black,Gaming
REC00675,M,20.0,7.3,7.3,0,4.0,yes,yes,2,1,1.0,0,4,2,12.8,Pass,Person_675,3647830872.0,Taurus,White,Music
REC00676,M,15.0,8.4,8.4,1,6.0,no,yes,4,1,2.0,0,4,3,14.7,Pass,Person_676,3827779861.0,Aries,Red,Music
REC00677,F,15.0,3.3,3.3,2,12.0,yes,yes,5,4,3.0,4,3,2,6.5,Fail,Person_677,3749636325.0,Pisces,Red,Cinema
REC00678,F,18.0,12.2,12.2,0,0.0,no,no,4,4,2.0,0,1,2,14.4,Pass,Person_678,3144226900.0,Capricorn,Pink,Hiking
REC00679,F,18.0,9.0,9.0,0,5.0,yes,no,5,5,1.0,4,1,2,13.6,Pass,Person_679,3804930709.0,Sagittarius,Blue,Hiking
REC00680,F,21.0,5.7,5.7,0,0.0,no,yes,2,2,3.0,4,3,2,14.1,Pass,Person_680,3767821658.0,Taurus,Blue,Photography
REC00681,M,21.0,8.9,8.9,0,1.0,no,no,5,5,2.0,4,1,1,15.5,Pass,Person_681,3158868021.0,Pisces,Purple,Music
REC00682,M,20.0,7.3,7.3,3,1.0,yes,yes,3,2,5.0,3,4,3,12.1,Pass,Person_682,3068131814.0,Gemini,Gray,Music
REC00683,F,17.0,2.5,2.5,2,1.0,no,yes,2,4,4.0,2,3,2,3.0,Fail,Person_683,3088643963.0,Taurus,White,Sports
REC00684,M,22.0,5.9,5.9,0,5.0,yes,yes,2,1,4.0,0,3,1,9.7,Fail,Person_684,3731741610.0,Cancer,Blue,Hiking
REC00685,M,17.0,6.3,6.3,0,,no,yes,3,5,5.0,0,2,3,10.0,Pass,Person_685,3131063502.0,Pisces,Purple,Sports
REC00686,F,22.0,1.5,1.5,0,7.0,yes,yes,4,5,3.0,2,1,2,10.5,Pass,Person_686,3320821054.0,Taurus,Pink,Sports
REC00687,M,20.0,5.6,5.6,0,3.0,yes,yes,5,2,4.0,1,3,1,12.3,Pass,Person_687,3683082935.0,Pisces,Blue,Reading
REC00688,F,16.0,9.8,9.8,0,0.0,no,yes,5,5,2.0,1,1,2,16.9,Pass,Person_688,3423293435.0,Libra,Gray,Gaming
REC00689,M,15.0,6.3,6.3,0,,no,yes,3,1,1.0,0,2,4,15.8,Pass,Person_689,3096079233.0,Cancer,Black,Gardening
REC00690,F,16.0,,10.7,0,3.0,yes,yes,5,5,1.0,1,1,1,14.5,Pass,Person_690,3344098939.0,Scorpio,White,Gaming
REC00691,M,16.0,5.3,5.3,0,0.0,yes,yes,3,4,1.0,1,4,1,13.3,Pass,Person_691,3316700187.0,Gemini,Yellow,Cinema
REC00692,F,18.0,7.0,7.0,1,4.0,yes,yes,3,1,4.0,1,1,4,8.1,Fail,Person_692,3169313920.0,Libra,Black,Music
REC00693,M,19.0,8.7,8.7,0,0.0,no,yes,3,4,2.0,3,3,3,16.1,Pass,Person_693,3049860051.0,Cancer,Orange,Music
REC00694,F,16.0,11.7,11.7,0,1.0,yes,yes,3,5,,1,2,2,14.2,Pass,Person_694,3376933037.0,Scorpio,Black,Gardening
REC00695,F,20.0,8.9,8.9,3,4.0,yes,no,5,5,4.0,4,4,2,9.4,Fail,Person_695,3240097351.0,Gemini,Red,Sports
REC00696,F,22.0,3.1,3.1,0,,no,no,4,4,5.0,1,2,3,12.3,Pass,Person_696,3507654613.0,Sagittarius,Red,Cooking
REC00697,M,18.0,8.2,8.2,1,,yes,no,1,4,1.0,0,3,3,8.1,Fail,Person_697,3171835105.0,Gemini,Blue,Music
REC00698,F,20.0,5.1,5.1,1,0.0,no,yes,1,3,5.0,2,0,1,13.4,Pass,Person_698,3560986993.0,Sagittarius,Gray,Sports
REC00699,M,21.0,8.4,8.4,0,0.0,yes,yes,3,4,2.0,3,2,2,15.7,Pass,Person_699,3406080488.0,Pisces,Blue,Photography
REC00700,M,21.0,10.2,10.2,0,8.0,yes,no,4,3,4.0,3,3,2,15.3,Pass,Person_700,3424210983.0,Virgo,Purple,Sports
REC00701,F,15.0,10.3,10.3,0,1.0,no,yes,3,1,3.0,0,1,1,11.6,Pass,Person_701,3689867566.0,Sagittarius,Black,Gaming
REC00702,M,15.0,5.1,5.1,2,1.0,no,yes,3,3,4.0,1,4,1,10.3,Pass,Person_702,3060393939.0,Cancer,Blue,Reading
REC00703,F,21.0,9.2,9.2,0,8.0,yes,no,3,4,3.0,2,2,1,14.9,Pass,Person_703,3189428730.0,Scorpio,Yellow,Reading
REC00704,F,17.0,8.5,8.5,2,1.0,yes,yes,1,3,,3,4,4,11.9,Pass,Person_704,3702855855.0,Capricorn,Orange,Hiking
REC00705,M,21.0,5.4,5.4,1,5.0,no,no,1,5,,1,1,3,12.8,Pass,Person_705,3041500887.0,Aquarius,White,Gardening
REC00706,F,20.0,8.2,8.2,0,4.0,yes,yes,2,2,4.0,2,3,3,12.6,Pass,Person_706,3209963574.0,Gemini,Black,Photography
REC00707,M,21.0,,5.9,0,2.0,yes,no,1,3,4.0,3,3,4,14.4,Pass,Person_707,3718475805.0,Aquarius,Gray,Sports
REC00708,F,22.0,14.0,14.0,3,7.0,yes,yes,3,3,2.0,1,1,1,9.8,Fail,Person_708,3430684163.0,Gemini,Black,Music
REC00709,M,19.0,8.4,8.4,0,7.0,yes,yes,2,5,1.0,3,4,4,14.6,Pass,Person_709,3585077396.0,Sagittarius,Black,Travel
REC00710,M,21.0,10.7,10.7,0,0.0,no,,2,4,2.0,0,2,4,9.2,Fail,Person_710,3770979833.0,Gemini,Orange,Cooking
REC00711,M,20.0,14.2,14.2,1,2.0,yes,no,2,4,2.0,3,4,3,15.5,Pass,Person_711,3660701701.0,Taurus,Yellow,Travel
REC00712,F,17.0,9.2,9.2,0,2.0,no,yes,1,2,2.0,1,3,2,14.7,Pass,Person_712,3367795344.0,Aries,Gray,Hiking
REC00713,M,19.0,4.8,4.8,0,1.0,yes,yes,2,2,3.0,3,2,1,9.9,Fail,Person_713,3451139343.0,Cancer,Yellow,Gaming
REC00714,M,15.0,7.2,7.2,0,11.0,no,no,3,5,3.0,2,3,1,13.5,Pass,Person_714,3582668539.0,Capricorn,Red,Reading
REC00715,M,17.0,9.8,9.8,1,1.0,yes,yes,1,1,4.0,4,1,1,15.4,Pass,Person_715,3602099627.0,Capricorn,Green,Gardening
REC00716,M,22.0,,9.5,0,,yes,yes,1,3,3.0,3,3,3,13.5,Pass,Person_716,3334336068.0,Sagittarius,Red,Sports
REC00717,F,18.0,0.3,0.3,1,1.0,no,yes,5,2,3.0,0,2,3,5.7,Fail,Person_717,3689209930.0,Pisces,Green,Gaming
REC00718,F,22.0,10.6,10.6,1,1.0,no,,2,4,5.0,2,1,4,12.7,Pass,Person_718,3868707796.0,Sagittarius,White,Travel
REC00719,M,21.0,13.1,13.1,2,6.0,no,yes,2,5,2.0,4,0,2,11.6,Pass,Person_719,3186862964.0,Capricorn,Purple,Gaming
REC00720,M,20.0,6.1,6.1,0,5.0,yes,yes,4,4,3.0,1,4,2,13.6,Pass,Person_720,3785644642.0,Taurus,Black,Gaming
REC00721,M,20.0,11.9,11.9,0,,no,yes,5,5,2.0,4,3,3,17.1,Pass,Person_721,3476854173.0,Leo,Green,Hiking
REC00722,F,18.0,6.5,6.5,0,1.0,no,yes,2,1,5.0,4,3,2,12.3,Pass,Person_722,3959888092.0,Taurus,Green,Cooking
REC00723,M,16.0,5.3,5.3,0,,yes,yes,3,2,3.0,1,0,3,8.8,Fail,Person_723,3819572251.0,Cancer,Gray,Cooking
REC00724,F,21.0,1.8,1.8,0,0.0,no,yes,1,5,4.0,3,1,4,12.0,Pass,Person_724,3621945177.0,Scorpio,Purple,Hiking
REC00725,M,17.0,6.7,6.7,0,0.0,yes,yes,4,3,2.0,0,4,4,12.1,Pass,Person_725,3046585457.0,Pisces,Green,Gaming
REC00726,F,16.0,,8.3,0,22.0,yes,yes,5,5,5.0,0,1,3,10.8,Pass,Person_726,3355033846.0,Aquarius,Red,Travel
REC00727,M,20.0,11.5,11.5,0,1.0,yes,yes,1,3,5.0,1,2,3,14.7,Pass,Person_727,3293062101.0,Gemini,Green,Music
REC00728,F,15.0,8.0,8.0,0,,no,yes,2,3,1.0,1,1,2,11.7,Pass,Person_728,3740987534.0,Gemini,Blue,Reading
REC00729,M,20.0,5.0,5.0,1,9.0,no,yes,3,5,3.0,4,0,3,7.8,Fail,Person_729,3006003952.0,Aquarius,Gray,Reading
REC00730,M,19.0,15.9,15.9,2,0.0,no,no,3,4,,1,3,3,14.9,Pass,Person_730,3515269713.0,Gemini,Pink,Sports
REC00731,F,19.0,8.1,8.1,0,10.0,yes,no,3,4,4.0,4,2,3,13.8,Pass,Person_731,3720296756.0,Cancer,Orange,Music
REC00732,F,17.0,,5.9,0,1.0,yes,no,4,5,4.0,3,1,3,11.0,Pass,Person_732,3727538792.0,Taurus,Blue,Gardening
REC00733,M,22.0,6.9,6.9,0,3.0,yes,,2,1,4.0,1,2,4,12.6,Pass,Person_733,3309964673.0,Leo,Red,Sports
REC00734,M,21.0,0.0,0.0,0,1.0,yes,yes,4,5,1.0,3,4,3,12.2,Pass,Person_734,3618229336.0,Libra,Gray,Gardening
REC00735,M,20.0,3.7,3.7,3,2.0,no,yes,3,1,4.0,4,2,2,11.1,Pass,Person_735,3773487620.0,Scorpio,Blue,Travel
REC00736,M,22.0,11.7,11.7,0,0.0,yes,,4,1,,2,0,2,12.6,Pass,Person_736,3254422931.0,Aries,Green,Music
REC00737,M,22.0,4.8,4.8,1,4.0,yes,,3,2,5.0,3,1,3,11.9,Pass,Person_737,3033540400.0,Virgo,Pink,Cinema
REC00738,F,17.0,7.9,7.9,0,,no,no,4,2,3.0,1,0,2,16.8,Pass,Person_738,3157036882.0,Libra,Orange,Photography
REC00739,M,16.0,14.1,14.1,0,8.0,no,yes,2,2,,2,2,1,15.4,Pass,Person_739,3027845289.0,Cancer,Black,Hiking
REC00740,F,18.0,6.7,6.7,0,13.0,yes,yes,3,1,5.0,1,1,1,16.2,Pass,Person_740,3453154123.0,Gemini,Gray,Hiking
REC00741,M,17.0,9.6,9.6,0,1.0,yes,yes,2,5,5.0,4,0,1,14.1,Pass,Person_741,3671212305.0,Sagittarius,Orange,Cooking
REC00742,M,17.0,8.9,8.9,0,1.0,no,yes,4,2,4.0,4,1,1,14.4,Pass,Person_742,3377711525.0,Virgo,White,Cooking
REC00743,M,15.0,0.4,0.4,0,6.0,no,no,2,5,4.0,2,4,1,8.8,Fail,Person_743,3096985804.0,Cancer,Pink,Hiking
REC00744,F,22.0,,11.2,0,4.0,no,yes,2,3,3.0,0,1,2,15.4,Pass,Person_744,3589186723.0,Gemini,White,Photography
REC00745,F,20.0,3.9,3.9,0,2.0,no,,5,3,,2,1,3,11.3,Pass,Person_745,3930046653.0,Virgo,Red,Cinema
REC00746,M,20.0,7.6,7.6,0,4.0,yes,yes,3,2,1.0,3,3,4,13.6,Pass,Person_746,3995930572.0,Taurus,Gray,Photography
REC00747,M,20.0,14.1,14.1,0,0.0,no,no,1,2,1.0,2,2,1,17.6,Pass,Person_747,3580237722.0,Cancer,Purple,Cinema
REC00748,M,15.0,,3.4,1,7.0,yes,yes,3,2,3.0,1,1,3,7.1,Fail,Person_748,3172071662.0,Gemini,White,Cinema
REC00749,F,21.0,,2.6,0,2.0,no,,3,1,4.0,2,0,1,10.2,Pass,Person_749,3297181086.0,Pisces,Green,Photography
REC00750,F,20.0,6.4,6.4,1,8.0,yes,yes,1,3,4.0,0,4,1,12.6,Pass,Person_750,3874435400.0,Capricorn,Gray,Reading
REC00751,F,15.0,3.2,3.2,1,0.0,yes,,5,3,4.0,2,2,1,10.8,Pass,Person_751,3537342403.0,Cancer,Gray,Gaming
REC00752,F,18.0,,3.8,0,3.0,no,yes,1,5,2.0,2,4,4,10.2,Pass,Person_752,3082511683.0,Scorpio,Purple,Travel
REC00753,M,17.0,3.4,3.4,1,11.0,yes,,1,2,4.0,3,3,4,9.3,Fail,Person_753,3358284720.0,Aquarius,Yellow,Gardening
REC00754,F,18.0,11.6,11.6,0,1.0,no,no,2,1,4.0,2,1,4,17.6,Pass,Person_754,3266741256.0,Libra,Pink,Cinema
REC00755,M,15.0,13.7,13.7,0,4.0,yes,yes,4,1,2.0,2,0,1,14.7,Pass,Person_755,3325714012.0,Scorpio,Green,Reading
REC00756,M,21.0,6.0,6.0,0,3.0,yes,yes,5,1,4.0,4,2,2,15.6,Pass,Person_756,3607819146.0,Capricorn,Purple,Travel
REC00757,M,19.0,8.5,8.5,1,,yes,yes,1,3,,2,4,3,7.9,Fail,Person_757,3591149978.0,Sagittarius,White,Sports
REC00758,F,20.0,8.5,8.5,0,9.0,yes,yes,4,5,1.0,0,3,3,11.4,Pass,Person_758,3500538166.0,Leo,Purple,Sports
REC00759,F,19.0,4.3,4.3,1,0.0,yes,yes,4,5,3.0,4,0,4,9.9,Fail,Person_759,3583553777.0,Sagittarius,Blue,Gaming
REC00760,F,16.0,12.9,12.9,0,8.0,no,yes,3,4,2.0,1,1,3,16.9,Pass,Person_760,3763404859.0,Libra,Gray,Gaming
REC00761,M,15.0,6.2,6.2,0,1.0,yes,no,5,1,,2,0,2,11.1,Pass,Person_761,3890056025.0,Capricorn,White,Hiking
REC00762,F,19.0,12.2,12.2,0,1.0,no,no,5,5,5.0,1,0,4,14.2,Pass,Person_762,3015973827.0,Cancer,Red,Music
REC00763,M,18.0,13.0,13.0,3,9.0,no,yes,1,1,3.0,2,1,1,7.3,Fail,Person_763,3213388969.0,Sagittarius,Yellow,Gardening
REC00764,F,19.0,8.6,8.6,2,3.0,no,,5,5,,4,2,4,10.4,Pass,Person_764,3465555278.0,Virgo,Blue,Sports
REC00765,F,15.0,7.9,7.9,0,8.0,no,yes,3,1,1.0,2,2,3,16.1,Pass,Person_765,3314289757.0,Cancer,Yellow,Gardening
REC00766,F,19.0,4.2,4.2,2,3.0,yes,yes,2,3,4.0,3,1,3,8.6,Fail,Person_766,3367455057.0,Taurus,Gray,Travel
REC00767,F,15.0,9.5,9.5,0,4.0,no,yes,3,1,1.0,1,2,3,15.1,Pass,Person_767,3312375556.0,Libra,Blue,Cinema
REC00768,M,16.0,7.3,7.3,1,4.0,no,yes,3,2,1.0,2,4,3,10.9,Pass,Person_768,3995467670.0,Scorpio,Pink,Cooking
REC00769,F,21.0,4.0,4.0,0,0.0,no,,1,1,2.0,4,4,4,11.4,Pass,Person_769,3748442928.0,Aries,Purple,Travel
REC00770,M,18.0,5.7,5.7,0,25.0,yes,yes,4,5,2.0,3,0,2,11.5,Pass,Person_770,3507493702.0,Libra,Green,Reading
REC00771,F,16.0,1.0,1.0,1,1.0,yes,yes,4,5,,2,4,2,11.1,Pass,Person_771,3577939519.0,Taurus,White,Cooking
REC00772,M,17.0,,10.8,0,13.0,no,yes,1,4,,4,0,3,14.4,Pass,Person_772,3669609940.0,Leo,Orange,Music
REC00773,F,18.0,10.8,10.8,1,2.0,no,yes,2,4,3.0,4,4,2,11.8,Pass,Person_773,3942245387.0,Gemini,Red,Reading
REC00774,M,19.0,4.9,4.9,0,0.0,no,yes,1,1,1.0,2,4,2,14.7,Pass,Person_774,3356418766.0,Cancer,Pink,Gaming
REC00775,F,19.0,6.3,6.3,3,3.0,yes,yes,4,1,1.0,1,0,2,8.1,Fail,Person_775,3731279654.0,Gemini,Red,Travel
REC00776,F,18.0,5.1,5.1,0,8.0,no,yes,1,3,4.0,4,0,4,15.5,Pass,Person_776,3273679162.0,Taurus,Black,Gardening
REC00777,F,16.0,6.2,6.2,0,6.0,yes,yes,2,2,4.0,0,2,1,10.0,Pass,Person_777,3635465783.0,Virgo,Red,Reading
REC00778,M,17.0,1.8,1.8,1,7.0,yes,yes,5,1,3.0,0,0,2,7.8,Fail,Person_778,3792836841.0,Sagittarius,Purple,Hiking
REC00779,F,19.0,12.2,12.2,0,2.0,yes,,2,2,1.0,4,0,3,15.6,Pass,Person_779,3858971193.0,Taurus,Purple,Music
REC00780,F,21.0,11.3,11.3,0,2.0,yes,yes,3,1,2.0,1,4,2,15.0,Pass,Person_780,3142914975.0,Gemini,Black,Cinema
REC00781,M,15.0,6.8,6.8,1,,no,yes,4,4,4.0,0,1,2,13.3,Pass,Person_781,3427257493.0,Cancer,Yellow,Music
REC00782,M,21.0,,7.8,0,0.0,yes,,4,2,2.0,3,1,4,10.6,Pass,Person_782,3746025822.0,Libra,Purple,Gaming
REC00783,M,18.0,9.5,9.5,0,7.0,yes,yes,5,2,5.0,4,2,4,12.9,Pass,Person_783,3808075036.0,Taurus,Orange,Gardening
REC00784,F,21.0,12.1,12.1,0,1.0,yes,yes,4,3,5.0,1,0,2,13.0,Pass,Person_784,3305976375.0,Sagittarius,Blue,Sports
REC00785,F,19.0,8.2,8.2,0,2.0,yes,yes,2,5,2.0,4,1,2,12.1,Pass,Person_785,3626423846.0,Aquarius,Blue,Cinema
REC00786,F,15.0,6.7,6.7,0,1.0,yes,yes,2,5,2.0,2,0,1,16.7,Pass,Person_786,3975403979.0,Sagittarius,Purple,Photography
REC00787,F,15.0,4.5,4.5,0,7.0,no,yes,2,1,2.0,2,0,1,11.6,Pass,Person_787,3747357879.0,Sagittarius,White,Photography
REC00788,M,16.0,10.7,10.7,1,2.0,yes,yes,2,2,2.0,0,2,1,10.3,Pass,Person_788,3757995118.0,Aries,Red,Photography
REC00789,F,19.0,9.4,9.4,0,12.0,yes,yes,3,1,5.0,4,0,1,9.8,Fail,Person_789,3133663579.0,Scorpio,Red,Sports
REC00790,M,16.0,6.9,6.9,0,1.0,no,no,5,2,3.0,2,3,1,11.8,Pass,Person_790,3955255285.0,Gemini,Red,Cinema
REC00791,M,22.0,3.0,3.0,0,0.0,yes,yes,3,5,4.0,3,3,3,12.7,Pass,Person_791,3997461133.0,Scorpio,Gray,Gaming
REC00792,F,16.0,8.2,8.2,0,1.0,yes,yes,3,3,,0,4,4,12.1,Pass,Person_792,3100702317.0,Leo,Pink,Cooking
REC00793,M,16.0,9.3,9.3,0,3.0,yes,,3,3,2.0,4,4,2,13.0,Pass,Person_793,3933649826.0,Aquarius,Orange,Photography
REC00794,M,22.0,8.5,8.5,0,13.0,yes,yes,5,1,5.0,4,4,1,14.0,Pass,Person_794,3824822479.0,Virgo,Green,Reading
REC00795,F,15.0,13.0,13.0,0,8.0,no,yes,1,3,5.0,3,1,4,17.1,Pass,Person_795,3642325456.0,Cancer,Pink,Travel
REC00796,M,19.0,7.3,7.3,0,1.0,no,yes,5,4,3.0,0,2,1,10.9,Pass,Person_796,3987569502.0,Leo,Orange,Sports
REC00797,M,22.0,6.2,6.2,0,3.0,no,yes,2,5,5.0,2,3,2,12.6,Pass,Person_797,3726933218.0,Aquarius,Orange,Music
REC00798,F,22.0,1.8,1.8,3,0.0,yes,yes,2,5,3.0,3,1,3,5.5,Fail,Person_798,3232258615.0,Libra,Black,Photography
REC00799,M,17.0,6.7,6.7,0,2.0,yes,yes,5,1,1.0,1,0,2,9.5,Fail,Person_799,3292647494.0,Aquarius,Blue,Cinema
REC00800,M,17.0,8.0,8.0,0,4.0,no,yes,4,2,5.0,0,3,4,10.8,Pass,Person_800,3613233187.0,Gemini,White,Hiking
